Latitude,Longitude,Address,Name,Website,Time Added,Eco & Sustainability Terms,Ethical & Slave-Free Terms,Relational & Direct Terms,Matching Sentences
37.781126,-122.4145,"142 McAllister St, San Francisco, CA 94102",Paris Cafe,https://pariscafesf.com/,21:28:52,,,,No match found on page.
37.774262,-122.412486,"248 9th St, San Francisco, CA 94103",Heyma Yemeni Coffee & Brunch,https://www.heymacoffeeca.com/,21:28:54,,,,No match found on page.
37.78806,-122.423317,"1452 Franklin St, San Francisco, CA 94109",Haraz Coffee House,https://harazcoffeehouse.com/,21:28:55,,,,No match found on page.
37.789327,-122.420204,"1330 Polk St, San Francisco, CA 94109",Le Mil's Coffee,https://lemils.com/,21:28:56,sustainably sourced,,single origin,"Accept 
 Decline 
 
 
 
 
 
 
 
 
 
 
 
 Zoom picture 
 
 Go to item 1 
 
 Go to item 2 
 
 Go to it"
37.784909,-122.412954,"406 Ellis St, San Francisco, CA 94102",Cafecito,https://www.facebook.com/pages/Un-Cafecito/761074627248013,21:28:58,,,,No match found on page.
37.773142,-122.41323,"San Francisco, CA 94103",Kiosque de Mr 2Pac,,21:28:59,,,,No match found on page.
37.780975,-122.400247,"370 4th St, San Francisco, CA 94107",Delah Coffee,https://delahcoffee.com/order-online/,21:29:01,,,,No match found on page.
37.773155,-122.41777,"1551 Mission St, San Francisco, CA 94103",Doppio Coffee & Brunch,https://doppiosf.com/,21:29:02,,ethically sourced,,We use Lavazza beans which are ethically sourced from top growers around the world and roasted to pe
37.794085,-122.396719,"27 Drumm St, San Francisco, CA 94111",Sana’a cafe,http://thesanaacafe.com/,21:29:04,,,,No match found on page.
37.779543,-122.413391,"1145 Market St, San Francisco, CA 94103",La Cuisine Cafe,https://lacuisinecafesf.com/,21:29:05,,,,No match found on page.
37.78963,-122.404081,"211 Sutter St, San Francisco, CA 94108",Origin Lab Coffee & Matcha,https://originlabcoffee.com/,21:29:07,organic,,single-origin,"We serve carefully sourced specialty coffee, rotating single-origin espresso, and our signature Matc"
37.780929,-122.419197,"525 Golden Gate Ave, San Francisco, CA 94102",SPRO - Golden Gate/Civic Center,https://sprocoffeelab.com/,21:29:08,,,,No match found on page.
37.781323,-122.416925,"399 Golden Gate Ave, San Francisco, CA 94102",Philz Coffee,https://philzcoffee.com/locations/civic-center?utm_source=gmb&utm_medium=yext,21:29:10,sustainably sourced,,,"We start with sustainably sourced green beans from around the world, then roast and blend them in-ho"
37.782414,-122.418765,"614 Polk St, San Francisco, CA 94102",Unexpected Era Café,,21:29:12,,,,No match found on page.
37.788145,-122.406196,"166 Maiden Ln, San Francisco, CA 94108",Painted Leopard Coffee,,21:29:13,,,,No match found on page.
37.785476,-122.39551,"303 2nd St N102, San Francisco, CA 94107",Paper Son Coffee,http://papersoncoffee.com/,21:29:15,,,single origin,"Single origin options rotate often, ask your barista about the latest. Menu — Paper Son Coffee Skip"
37.772436,-122.412911,"1415 Folsom St, San Francisco, CA 94103",Sextant Coffee Roasters,http://sextantcoffee.com/,21:29:17,organic,,"single origin, traceable",We’re lucky enough to be able to buy this coffee directly from this region through an export company
37.778161,-122.404724,"345 6th St, San Francisco, CA 94103",Telescope Coffee,http://telescopecoffee.com/,21:29:18,,,,No match found on page.
37.784337,-122.408088,"902 Market St, San Francisco, CA 94102",Cable Car CoffeeSF,http://cablecarcoffeesf.com/,21:29:20,,,,No match found on page.
37.77323,-122.435463,"991 Oak St, San Francisco, CA 94117",Third Wheel Coffee,http://www.thirdwheel.coffee/,21:29:22,,,,No match found on page.
37.776543,-122.408409,"1116 Folsom St, San Francisco, CA 94103",The Nosh Box,http://noshboxsf.com/,21:29:24,,,,No match found on page.
37.758044,-122.390436,"900 22nd St, San Francisco, CA 94107",CoffeeShop | Bakery + Micro-Roastery,https://coffeeshopsf.com/,21:29:25,,,,No match found on page.
37.772998,-122.419337,"30 Otis St, San Francisco, CA 94103",Progeny Coffee,https://www.progenycoffee.com/,21:29:27,compostable,fair trade,"single origin, full traceability","Sustainability 
 
 Whether it's our pioneering Progeny farms in Colombia or our approach to composta"
37.795538,-122.419064,"1448 Pacific Ave, San Francisco, CA 94109",Better Half Coffee,https://betterhalf.coffee/,21:29:29,,,,No match found on page.
37.778265,-122.393882,"242 Townsend St, San Francisco, CA 94107",Nirvana Soul Coffee,http://www.nirvanasoulcoffee.com/,21:29:30,organic,,single origin,"Roast:  Medium Tasting Notes:  Milk Chocolate, Lemon Tart, Raspberry Process:  Washed, Natural 12oz"
37.781241,-122.40815,"981 Mission St, San Francisco, CA 94103",Trellis Cafe,http://trellis.social/cafe,21:29:32,,,,No match found on page.
37.792065,-122.415675,"1168 Leavenworth St, San Francisco, CA 94109",Sol y Soul Coffee,https://solysoulcoffee.com/,21:29:34,,,,No match found on page.
37.722511,-122.475333,"Science & Engineering Innovation Center, 3655 19th Ave Lobby, San Francisco, CA 94132",Carmelina’s Cafe,https://linktr.ee/carmelinascafe?utm_source=linktree_profile_share&ltsid=509848ca-e8ec-4689-902b-1daeb6a112ad,21:29:40,,,,No match found on page.
37.722355,-122.482917,"Old UA Cinema, San Francisco, CA 94132",Sunset Roasters Coffee Tent,http://www.sunsetroaster.com/,21:29:41,,,,No match found on page.
37.785474,-122.408892,"154 Ellis St, San Francisco, CA 94102",Mellis Cafe,https://order.online/business/mellis-cafe-11661549,21:29:43,,,,No match found on page.
37.725392,-122.463258,"1939 Ocean Ave, San Francisco, CA 94127",Charm Coffee,,21:29:44,,,,No match found on page.
37.735695,-122.502913,"2650 Sloat Blvd, San Francisco, CA 94116",Java Beach At The Zoo,https://javabeachcafe.com/javabeachatthezoo?utm_source=google,21:29:46,,,,No match found on page.
37.723462,-122.454804,"1181 Ocean Ave, San Francisco, CA 94112",Diamond Coffee N’ Pastry,http://diamondbeans.com/,21:29:47,,,single origin,"This makes it a popular choice for  single origin coffees , since it allows the flavors and aromas t"
37.71799,-122.474032,"51 Cambon Dr, San Francisco, CA 94132",Jade & Java Cafe,,21:29:49,,,,No match found on page.
37.740604,-122.466505,"32 W Portal Ave, San Francisco, CA 94127",Hardware Coffee Co.,https://www.hardwarecoffee.co/,21:29:51,,,,No match found on page.
37.714498,-122.465579,"302 Randolph St, San Francisco, CA 94132",Blue House Café,https://www.bluehousecafesf.com/,21:29:52,organic,,,All   Coffee   Matcha & Tea   Food            Coffee   07          Espresso        Sightglass — Owl'
37.741507,-122.505139,"3629 Taraval St, San Francisco, CA 94116",Andytown Coffee Roasters,http://andytownsf.com/,21:29:54,compostable,"ethical sourcing, ethically sourced","single origin, traceable","Our promise

           
 
 
 
 
 
 
 
 SUSTAINABLE PRACTICES 
 
 Andytown is a certified California"
37.743049,-122.481316,"1400 Taraval St, San Francisco, CA 94116",El Cafe,https://elcafesf.com/,21:29:55,,,,No match found on page.
37.783082,-122.409998,"33 Turk St, San Francisco, CA 94102",Spoke Cafe,,21:29:57,,,,No match found on page.
37.784985,-122.410942,"299 Ellis St, San Francisco, CA 94102",Happy Donuts,,21:29:59,,,,No match found on page.
37.786403,-122.41452,"687 Geary St, San Francisco, CA 94102",Scullery,http://www.scullerysf.com/,21:30:01,organic,,,Scullery CoffeeTOAST CATERINGTOAST CATERINGScullery-SculleryTOAST CATERING — Scullery
37.742011,-122.504902,"3606 Taraval St, San Francisco, CA 94116",Avenues San Francisco,http://avsf.co/,21:30:07,,,,No match found on page.
37.742287,-122.498705,"3016 Taraval St, San Francisco, CA 94116","Andytown Roastery, Training Lab, & Coffee Supply",http://andytownsf.com/,21:30:08,compostable,"ethical sourcing, ethically sourced","single origin, traceable","Our promise

           
 
 
 
 
 
 
 
 SUSTAINABLE PRACTICES 
 
 Andytown is a certified California"
37.733585,-122.489719,"1509 Sloat Blvd, San Francisco, CA 94132",Peet's Coffee,"https://www.peets.com/pages/store-locator?stockist-query=San%20Francisco,%20CA,%20USA&selected=Sloat",21:30:14,organic,fair trade,,"As part of this commitment, we have partnered with Fair Trade USA to help fund community programs in"
37.742777,-122.478561,"1131 Taraval St, San Francisco, CA 94116",El Antigua Cafe,,21:30:15,,,,No match found on page.
37.754291,-122.481227,"1618 Noriega St, San Francisco, CA 94122",Henry's House of Coffee,http://www.henryshouseofcoffee.com/,21:30:17,organic,,,"Conquistador Ethiopian Fancy Sumatra Dark Bella Finca Gypsy Mix 
 
 
 
 
 
 Sampler Type 
 Beans"
37.776487,-122.4776,"1737 Balboa St, San Francisco, CA 94121",The Coffee Movement,https://www.thecoffeemovement.com/,21:30:18,organic,,,"$ 3 
                  
                 
 Espresso 
 
 $ 3"
37.732066,-122.473489,"2620 Ocean Ave, San Francisco, CA 94132",YY Coffee & Milk Tea,http://www.yycoffeetea.com/,21:30:20,,,,No match found on page.
37.743195,-122.478029,"1100 Taraval St, San Francisco, CA 94116",Jandii Cafe,,21:30:26,,,,No match found on page.
37.752778,-122.504583,"3815 Noriega St, San Francisco, CA 94122",Yonkers Cafe,https://www.yonkerscafeca.com/,21:30:27,,equity,,"Definitions For the purposes of these Terms and Conditions: Affiliate means an entity that controls,"
37.742777,-122.478561,"1131 Taraval St, San Francisco, CA 94116",Bean Dream LLC,https://dream-bean-cozy.lovable.app/home,21:30:28,,ethically sourced,,"Bean Dream is a quiet corner of the sky in the Sunset — ethically sourced beans, cloud-soft milk, an"
37.753195,-122.505009,"3876 Noriega St, San Francisco, CA 94122",Devil's Teeth Baking Company,http://www.devilsteethbakingcompany.com/,21:30:35,,,,No match found on page.
37.760464,-122.508971,"1396 La Playa St, San Francisco, CA 94122",Java Beach Cafe,https://javabeachcafe.com/javabeachcafejudah?utm_source=google,21:30:36,,,,No match found on page.
37.774536,-122.509795,"734 La Playa St, San Francisco, CA 94121",Ocean Beach Cafe,https://www.oceanbeachcafe.com/,21:30:38,,,,No match found on page.
37.763778,-122.469356,"1097 Irving St, San Francisco, CA 94122",Earth Tone Cafe,,21:30:39,,,,No match found on page.
37.75445,-122.477011,"1222 Noriega St, San Francisco, CA 94122",Home Coffee Roasters,http://homecoffeesf.com/,21:30:40,organic,,,"Size
         * 
 
 
 
 
 
                10 oz
                   
 
 
 
 
 
 
                5 l"
37.742786,-122.478151,"1111 Taraval St, San Francisco, CA 94116",Quarters Teahouse,https://order.toasttab.com/online/quarters-teahouse-1111-taraval-st,21:30:42,,,,No match found on page.
37.762079,-122.50676,"4541 Irving St, San Francisco, CA 94122",Black Bird Bookstore and Café,https://www.blackbirdsf.com/,21:30:47,,,,No match found on page.
37.760686,-122.504099,"3906 Judah St, San Francisco, CA 94122",Judahlicious,http://www.judahlicious.com/,21:30:53,organic,fair trade,,"$14 
 Walker  GF Organic mixed greens with sliced marinated portabella/zucchini/bell pepper, avocado"
37.770047,-122.443409,"935 Buena Vista Ave W, San Francisco, CA 94117",Sunday Morning Coffee Club 2,,21:30:55,,,,No match found on page.
37.776028,-122.495814,"3434 Balboa St, San Francisco, CA 94121",Simple Pleasures Cafe,https://facebook.com/Simple-Pleasures-Cafe-111319895562806,21:30:56,,,,No match found on page.
37.765019,-122.46605,"1248 9th Ave, San Francisco, CA 94122",Tadaima Inner Sunset,https://tadaimasf.com/,21:30:58,,,,No match found on page.
37.762359,-122.466055,"1392 9th Ave, San Francisco, CA 94122",Morning Vibes Cafe,https://www.antiguacompany.com/about-1,21:30:59,,ethically sourced,,"From ethically sourced beans and crafted espresso at Antigua to colorful, inviting vibes and tasty b"
37.773195,-122.506035,"4411 Cabrillo St, San Francisco, CA 94121",The Butterfly Joint and Café at The Butterfly Joint,http://thebutterflyjoint.com/,21:31:05,,,,No match found on page.
37.779388,-122.493607,"6909 Geary Blvd, San Francisco, CA 94121",Diamond Coffee N Pastry,http://www.diamondbeans.com/,21:31:06,,,single origin,"This makes it a popular choice for  single origin coffees , since it allows the flavors and aromas t"
37.77548,-122.498151,"3643 Balboa St, San Francisco, CA 94121",La Promenade Café,http://www.lapromenadecafe.com/,21:31:07,,,,No match found on page.
37.764307,-122.466,"744 Irving St, San Francisco, CA 94122",Saint Frank Coffee,https://www.saintfrankcoffee.com/,21:31:09,,,"single origin, transparency report",Single Origin
37.775388,-122.501327,"3951 Balboa St, San Francisco, CA 94121",Boa's CVC,https://boascvc.com/?utm_source=google,21:31:16,,,,No match found on page.
37.772769,-122.510664,"800 Great Hwy, San Francisco, CA 94121",Ocean Plant,https://www.oceanplant.com/,21:31:17,,,,No match found on page.
37.782149,-122.486263,"2512 Clement St, San Francisco, CA 94121",Hologram,https://www.hologramsf.com/,21:31:19,,,,No match found on page.
37.779914,-122.493513,"6900 Geary Blvd, San Francisco, CA 94121",Geary Cafe,,21:31:21,,,,No match found on page.
37.782716,-122.464087,"443 Clement St, San Francisco, CA 94118",HI NRG,http://hinrg.net/,21:31:23,,,,No match found on page.
37.782283,-122.484533,"2342 Clement St, San Francisco, CA 94121",Royal Ground Coffee,,21:31:24,,,,No match found on page.
37.781861,-122.491145,"2960 Clement St, San Francisco, CA 94121",The Art Bistro,,21:31:31,,,,No match found on page.
37.782299,-122.484187,"2314 Clement St, San Francisco, CA 94121",Ilana Coffee,https://www.ilanacoffee.com/,21:31:33,,,,No match found on page.
37.783825,-122.481196,"5927 California St, San Francisco, CA 94121",Bazaar Café,http://www.bazaarcafe.com/,21:31:34,"eco-friendly, compostable, organic, regenerative",,,"We now partner with our coffee distributor for compostable bags too, although they don’t offer it on"
37.780825,-122.464489,"4201 Geary Blvd, San Francisco, CA 94118",Alushe coffee bar,http://alushecoffee.com/,21:31:36,,,,No match found on page.
37.779802,-122.485525,"6157 Geary Blvd, San Francisco, CA 94121",Cafe Enchante,http://cafe-enchante.cafes-city.com/,21:31:42,,,,No match found on page.
37.782676,-122.464939,"519 Clement St, San Francisco, CA 94118",Pixlcat Coffee,https://www.pixlcatcoffee.com/,21:31:44,,,,No match found on page.
37.806105,-122.418891,"2701 Leavenworth St, San Francisco, CA 94133",SIGNAL Coffee Roasters,http://www.signalcoffee.com/,21:31:51,organic,,single-origin,We roast Exceptional single-origin and carefully curated blends from ethical sources. CHECK OUT
37.784704,-122.413117,"411 Ellis St, San Francisco, CA 94102",Vietnamese Sandwiches & Coffee,,21:31:53,,,,No match found on page.
37.785656,-122.411397,"375 Taylor St, San Francisco, CA 94102",Taylor Street Coffee Shop,http://www.taylorcafesf.com/,21:31:54,,,,No match found on page.
37.787655,-122.411983,"611 Post St, San Francisco, CA 94109",Always Awake Coffee,,21:31:56,,,,No match found on page.
37.796953,-122.435696,"2201 Union St, San Francisco, CA 94123",Coffee Bodega Farm-to-Table,https://www.coffeebodega.com/,21:31:58,,fair trade,,"Tags: 
 Coffee ,  Costa Rica ,  direct from farmer ,  fair trade ,  Specialty ,  Sustainable ,  Tarr"
37.794744,-122.417968,"1500 Hyde St, San Francisco, CA 94109",NOOK cafe and wine bar,,21:32:10,,,,No match found on page.
37.781411,-122.492685,"3117 Clement St, San Francisco, CA 94121",Garden House Cafe,,21:33:00,,,,No match found on page.
37.780371,-122.485376,"6134 Geary Blvd, San Francisco, CA 94121",Joe's Coffee Shop,,21:33:04,,,,No match found on page.
37.754128,-122.48882,"2350 Noriega St, San Francisco, CA 94122",Starbucks Coffee Company,https://www.starbucks.com/store-locator/store/17332,21:33:38,,,,No match found on page.
37.742655,-122.490312,"2240 Taraval St, San Francisco, CA 94116",CHALOS,http://chalossf.com/,21:34:10,utz,,,
37.735539,-122.501535,"2560 Sloat Blvd, San Francisco, CA 94116",George's Zoo,,21:34:18,,,,
37.732543,-122.489912,"1521 Sloat Blvd, San Francisco, CA 94132",Noah's NY Bagels,https://locations.noahs.com/us/ca/san-francisco/1521-sloat-blvd?y_source=1_ODk4NTczNy03MTUtbG9jYXRpb24ud2Vic2l0ZQ%3D%3D,21:34:28,,,,
37.721021,-122.476794,"1600 Holloway Ave, San Francisco, CA 94132",Cafe Rosso,,21:34:38,,,,
37.721021,-122.476794,"1600 Holloway Ave, San Francisco, CA 94132",Cafe 101,,21:34:40,,,,
37.702959,-122.470237,"1901 Junipero Serra Blvd st, D St, Daly City, CA 94014",Westlake Coffee Shop,http://westlakecoffee.com/,21:35:10,,,,
37.721021,-122.476794,"1600 Holloway Ave, San Francisco, CA 94132",Station Cafe,https://ucorp.sfsu.edu/food-vendors#station-cafe,21:35:12,organic,,,
37.722295,-122.483056,"755 Font Blvd #107A, San Francisco, CA 94132",Clean Bites (SFSU),https://campusrec.sfsu.edu/CleanBites,21:35:24,,,,
37.728471,-122.476826,"3251 20th Ave #158, San Francisco, CA 94132",85°C Bakery Cafe-Stonestown,http://www.85cbakerycafe.com/,21:35:28,,equity,,
37.728471,-122.476826,"3251 20th Ave #250F, San Francisco, CA 94132",Artly Robot Coffee @ Stonestown Galleria,https://artly.coffee/,21:35:43,,,,
37.742768,-122.478566,"1139 Taraval St, San Francisco, CA 94116",Milktopia,https://milktopia.fronteats.com/,21:36:15,,,,
37.763314,-122.48,"2049 Irving St, San Francisco, CA 94122",Uncle Benny's Donut & Bagel,https://www.facebook.com/UncleBennyDonutAndBagel/,21:37:01,,,,
37.782729,-122.474397,"1408 Clement St, San Francisco, CA 94118",Breadbelly,https://breadbellysf.com/,21:37:47,,,,
37.781651,-122.452267,"3101 Geary Blvd, San Francisco, CA 94118",Forget Me Not Cafe,,21:37:51,,,,
37.819924,-122.478562,"Golden Gate Bridge Plaza, Golden Gate Brg, San Francisco, CA 94129",Equator Coffees,http://equatorcoffees.com/,21:38:07,"organic, biodiversity, regenerative agriculture, regenerative, certified organic, b corp","b corp certified, fair trade",single origin,
37.808876,-122.477212,"Golden Gate Bridge Plaza, San Francisco, CA 94129",Round House Cafe,https://www.equatorcoffees.com/blogs/cafes/round-house,21:38:35,"organic, biodiversity, regenerative agriculture, regenerative, certified organic, b corp","b corp certified, fair trade",single origin,
37.787986,-122.447181,"3313 Sacramento St, San Francisco, CA 94118",Barista Coffee & Brunch,http://www.baristasf.com/,21:38:47,,,,
37.808308,-122.470691,"983 Marine Dr, San Francisco, CA 94129",Warming Hut Park Store,http://www.parksconservancy.org/visit/eat/warming-hut.html,21:38:48,biodiversity,,,
37.787425,-122.433279,"1910 Fillmore St, San Francisco, CA 94115",Compton’s Coffee House,https://comptonscoffeehouse.com/,21:38:49,,,,
37.782908,-122.470166,"1014 Clement St, San Francisco, CA 94118",Diamond Coffee n' Pastry,http://www.diamondbeans.com/,21:38:55,,,single origin,
37.78285,-122.470532,"1032 Clement St, San Francisco, CA 94118",Cafe La Flore,http://ordercafelaflore.com/,21:39:01,,,,
37.773797,-122.466051,"785 8th Ave, San Francisco, CA 94118",Rise & Grind Coffee and Tea,http://www.riseandgrind-sf.com/,21:39:07,,,,
37.763992,-122.472438,"1340 Irving St, San Francisco, CA 94122",Cafe La Flore Irving,https://www.instagram.com/cafelafloreirving?igsh=MzRlODBiNWFlZA==,21:39:12,,,,
37.763088,-122.465915,"1352 9th Ave A, San Francisco, CA 94122",Snowbird Coffee,https://www.snowbirdcoffee.com/,21:39:14,,,,
37.76379,-122.475728,"1634 Irving St, San Francisco, CA 94122",b&b | Banh Mi & Boba,,21:39:19,,,,
37.763771,-122.466674,"1307 9th Ave, San Francisco, CA 94122",Beanery Of San Francisco,http://www.beanerysf.com/,21:39:21,"organic, certified organic","fair-trade, fair trade",,
37.76357,-122.480677,"2116 Irving Street (Cross, 22nd Ave, San Francisco, CA 94122",Quickly,http://www.quicklyusa.com/sfirving.html,21:39:22,,,,
37.737413,-122.469253,"329 W Portal Ave, San Francisco, CA 94127",Ballast Coffee,,21:39:32,,,,
37.728471,-122.476826,"3251 20th Ave Ste 250K, San Francisco, CA 94132",Matcha Cafe Maiko,https://www.matchacafe-maiko.com/eng/,21:39:47,,,,
37.703846,-122.475064,"2 Poncetta Dr, Daly City, CA 94015",Boulevard Cafe,http://theboulevardcafe.com/,21:40:02,organic,,,
37.710428,-122.467639,"3995 Alemany Blvd, San Francisco, CA 94132",Paris Baguette,https://parisbaguette.com/locations/ca/san-francisco/3995-alemany-boulevard/,21:40:04,,,,
37.710871,-122.467045,"3931 Alemany Blvd Apt 2003, San Francisco, CA 94132",7 Leaves Cafe,http://www.7leavescafe.com/,21:40:06,,equity,single-origin,
37.724988,-122.460192,"1700 Ocean Ave, San Francisco, CA 94112",Java on Ocean,,21:40:12,,,,
37.728471,-122.476826,"3251 20th Ave #156, San Francisco, CA 94132",Palmetto Superfoods - Stonestown Mall,http://www.palmettosuperfoods.com/,21:40:27,,,,
37.728471,-122.476826,"3251 20th Ave Ste 5523, San Francisco, CA 94132",Wanpo Tea Shop,https://order.snackpass.co/64ffc6eb47dba066268d1a97?utm_source=qr,21:40:28,,,,
37.740678,-122.466416,"28 W Portal Ave, San Francisco, CA 94127",Noe Valley Bakery West Portal,http://noevalleybakery.com/,21:40:45,,,,
37.739298,-122.467974,"160 W Portal Ave, San Francisco, CA 94127",Toast Eatery,http://www.toastwestportal.com/,21:40:48,,,,
37.762118,-122.463097,"1401 6th Ave, San Francisco, CA 94122",Golden Bear Trading Company,http://goldenbeartrading.com/,21:40:59,organic,,,
37.763401,-122.466596,"1331 9th Ave, San Francisco, CA 94122",Arizmendi Bakery,http://www.arizmendibakery.com/,21:41:05,organic,,,
37.76537,-122.466106,"1226 9th Ave, San Francisco, CA 94122",Tartine Inner Sunset,https://tartinebakery.com/san-francisco/inner-sunset,21:41:07,,,,
37.764925,-122.466511,"1253 9th Ave, San Francisco, CA 94122",Little Sweet,http://www.little-sweet.com/,21:41:08,,,,
37.763825,-122.475307,"1600 Irving St, San Francisco, CA 94122",Sunset Commons,https://sunsetcommons.store/,21:41:15,,,,
37.784978,-122.463705,"195 5th Ave, San Francisco, CA 94118",The Richfield,,21:41:25,,,,
37.785016,-122.465448,"4454 California St, San Francisco, CA 94118",Ashley's Cafe,https://ashleys.cafe/?utm_source=google,21:41:26,,,,
37.783159,-122.462511,"306 Clement St, San Francisco, CA 94118",Blue Danube Coffee House,http://bluedanube.square.site/,21:41:28,,,,
37.781585,-122.455866,"3400 Geary Blvd, San Francisco, CA 94118",Earth's Coffee,,21:41:39,,,,
37.801972,-122.456817,"Presidio Tunnel Top, 210 Lincoln Blvd, San Francisco, CA 94123",California Kahve,http://www.californiakahve.com/,21:41:45,organic,,single origin,
37.800005,-122.441759,"2331 Chestnut St, San Francisco, CA 94123",Coffee Roastery,,21:41:52,,,,
37.801972,-122.456817,"210 Lincoln Blvd, San Francisco, CA 94129",Treats By The Bay,https://www.treatsbythebay.com/home,21:42:21,,,,
37.800167,-122.451994,"Thoreau Center in, 1013 Torney Ave, San Francisco, CA 94129",Cafe RX,http://www.caferxsf.com/,21:42:22,organic,,,
37.786929,-122.45146,"3490 California St, San Francisco, CA 94118",Q Specialty Coffee,https://www.qspecialtycoffee.com/,21:42:30,organic,,single-origin,
37.783287,-122.459248,"2 Clement St, San Francisco, CA 94118",Breck's,,21:42:37,,,,
37.781561,-122.452976,"3157 Geary Blvd, San Francisco, CA 94118",fifty/fifty,https://fiftyfiftysf.square.site/,21:42:39,,,,
37.781665,-122.456839,"3500 Geary Blvd, San Francisco, CA 94118",Cup a java coffee house,,21:42:41,,,,
37.763707,-122.459326,"530 Parnassus Ave, San Francisco, CA 94143",Caffe Central,https://www.caffecentral.com/,21:43:29,organic,fair trade,,
37.763837,-122.458464,"500 Parnassus Ave, San Francisco, CA 94143",Café Bellini,http://www.cafebellinisf.com/,21:43:31,,,,
37.769707,-122.453327,"672 Stanyan St, San Francisco, CA 94117",Flywheel Coffee Roasters,https://flywheelcoffee.com/,21:43:32,,,,
37.772737,-122.438887,"1195 Oak St, San Francisco, CA 94117",Beluna Cafe,,21:43:44,,,,
37.731258,-122.451334,"705 Monterey Blvd, San Francisco, CA 94127",Railroad Expresso,,21:44:11,,,,
37.723644,-122.454291,"1150 Ocean Ave, San Francisco, CA 94112",WFM Coffee Bar,,21:44:20,,,,
37.732502,-122.434805,"6 Monterey Blvd, San Francisco, CA 94131",Cup Café,,21:44:26,,,,
37.706618,-122.458365,"6185 Mission St, Daly City, CA 94014",Fog City Cafe,https://instagram.com/fogcity.cafe,21:45:15,,,,
37.720702,-122.446916,"402 Geneva Ave, San Francisco, CA 94112",Machu Picchu Cafe,https://www.cafemp.com/,21:45:17,,,,
37.69035,-122.466029,"7370 Mission St, Daly City, CA 94014",Café Xiloá,https://www.clover.com/online-ordering/xiloa-cafe-daly-city,21:45:19,,,,
37.722719,-122.436654,"4726 Mission St, San Francisco, CA 94112",Cumaica Coffee,http://cumaica.com/,21:45:21,,,,
37.764332,-122.422147,"530 Valencia St, San Francisco, CA 94110",Binge Coffee House,,21:45:23,,,,
37.693104,-122.474672,"301 87th St, Daly City, CA 94015",La Cafeteria,http://lacafeteria.cafe/,21:45:24,,,,
37.724092,-122.458356,"1501 Ocean Ave, San Francisco, CA 94112",Lucky Ocean Cafe,,21:45:32,,,,
37.724533,-122.457882,"1490 Ocean Ave Ste 1, San Francisco, CA 94112",Sweet Cupz,https://order.snackpass.co/Sweet-Cupz-629f5fbb5c6ddc00c0f5aaec?openAddressSelectorIfChain=true,21:45:34,,,,
37.724783,-122.434388,"4587 Mission St #2603, San Francisco, CA 94112",Double Shot Coffee,,21:45:37,,,,
37.726974,-122.452383,"Parking lot, Frida Kahlo Way Cafe, San Francisco, CA 94112",I Love Pupusas,,21:46:06,,,,
37.738971,-122.467466,"163 W Portal Ave, San Francisco, CA 94127",George’s Cafe,https://georgessf.com/,21:46:08,organic,,,
37.728608,-122.440523,"1818 San Jose Ave, San Francisco, CA 94112",Tasty Coffee,,21:46:11,,,,
37.74456,-122.452581,"673 Portola Dr, San Francisco, CA 94127",Creighton's American Bakery,,21:46:21,,,,
37.765971,-122.449855,"862 Cole St, San Francisco, CA 94117",Wooden Coffeehouse,https://www.woodencoffeehouse.com/,21:46:44,,,,
37.764749,-122.449608,"1000 Cole St, San Francisco, CA 94117","La Boulangerie de San Francisco, Cole Valley",http://www.laboulangeriesf.com/,21:46:46,utz,,,
37.775372,-122.458263,"798 Arguello Blvd, San Francisco, CA 94118",Velo Rouge Cafe,http://www.sfvelorouge.com/,21:47:18,,,,
37.769976,-122.453394,"678-650 Stanyan St, San Francisco, CA 94117",Flywheel Coffee Kiosk,https://flywheelcoffee.com/,21:47:21,,,,
37.773187,-122.450666,"2095 Hayes St, San Francisco, CA 94117",The Sacred Grounds Cafe,https://thesacredgroundscafe.com/,21:47:24,,,,
37.77346,-122.450708,"2078 Hayes St, San Francisco, CA 94117",Manitas Cafe,http://manitascafe.com/,21:47:27,,,,
37.766678,-122.452699,"852 Stanyan St, San Francisco, CA 94117",Lava Java,,21:47:30,,,,
37.769666,-122.450483,"1708 Haight St, San Francisco, CA 94117",Cantata Coffee Company,,21:47:32,,,,
37.769645,-122.451628,"1790 Haight St, San Francisco, CA 94117",Grind & Unwind,https://grindunwindsf.com/,21:47:36,,,,
37.769375,-122.450051,"1673 Haight St, San Francisco, CA 94117",Stanza Coffee Bar,https://www.stanzacoffee.com/,21:47:38,,,,
37.805836,-122.442527,"500 Marina Blvd, San Francisco, CA 94123",Philz Coffee Truck,https://philzcoffee.com/locations/88,21:48:53,sustainably sourced,,,
37.800319,-122.439303,"2197 Chestnut St Ste B, San Francisco, CA 94123",Café Thuma,https://www.thuma.co/pages/sf-cafe-page,21:49:06,"organic, sustainably sourced, eco-friendly",,,
37.807724,-122.442591,"110 Yacht Rd, San Francisco, CA 94123",Dynamo Donut + Coffee,http://dynamodonut.com/,21:49:09,,,,
37.79966,-122.439847,"2320 Lombard St, San Francisco, CA 94123",Twisted St. Cafe,http://twistedstcafe.com/,21:49:12,,,,
37.800432,-122.44058,"2268 Chestnut St, San Francisco, CA 94123",Reveille,https://www.reveillecoffee.com/pages/2268-chestnut-street-san-francsico-ca,21:49:15,,,traceable,
37.805506,-122.431939,"Center Building A, 2 Marina Blvd, San Francisco, CA 94123",The Interval at Long Now,https://theinterval.org/,21:49:18,,,,
37.800456,-122.43758,"3352 Steiner St, San Francisco, CA 94123",Bluestone Lane - Steiner St Café,https://bluestonelane.com/?y_source=1_MTAxMzkyMzc0Ny03MTUtbG9jYXRpb24ud2Vic2l0ZQ%3D%3D,21:49:21,organic,equity,,
37.797065,-122.434801,"2163 Union St, San Francisco, CA 94123",Telve Cafe,https://www.telvesf.com/,21:49:23,,,,
37.796712,-122.43661,"2271 Union St, San Francisco, CA 94123",Wrecking Ball Coffee Roasters,http://www.wreckingballcoffee.com/,21:49:26,,,,
37.796984,-122.435195,"2191 Union St, San Francisco, CA 94123",Union Street Coffee Roastery,,21:49:36,,,,
37.78238,-122.449863,"2884 Geary Blvd, San Francisco, CA 94118",Padoca Cafe,http://www.padocacafesf.com/,21:50:04,,,,
37.784646,-122.439965,"1635 Divisadero St #145, San Francisco, CA 94115",Emmita’s Café,https://emmitascafe.square.site/,21:50:12,,,,
37.777294,-122.441441,"1799 McAllister St, San Francisco, CA 94115",Matching Half,http://www.matchinghalfcafe.com/,21:50:14,,,,
37.774598,-122.442618,"1594 Hayes St, San Francisco, CA 94117",Ooru Coffee Pop-Up,,21:50:23,,,,
37.773567,-122.447813,"1901 Hayes St, San Francisco, CA 94117",Karma Cafe,https://www.karmacafesf.net/,21:50:28,,,,
37.769988,-122.44565,"1401 Haight St, San Francisco, CA 94117",The Mellow,http://www.themellowsf.com/,21:50:31,,,,
37.770066,-122.445025,"1206 Masonic Ave, San Francisco, CA 94117",Coffee To The People,,21:50:41,,,,
37.769988,-122.44565,"1401 Haight St, San Francisco, CA 94117",Mellow Coffee,http://www.sfmellowcoffee.com/,21:50:45,,,,
37.770552,-122.443958,"1300 Haight St, San Francisco, CA 94117",The Coffee Lama,,21:50:47,,,,
37.765296,-122.450152,"925 Cole St, San Francisco, CA 94117",Double Black,http://www.yardsale.day/pages/double-black,21:50:55,,,,
37.7678,-122.450145,"726 Cole St, San Francisco, CA 94117",Bird and Bear Coffee,http://birdandbearcoffee.com/,21:50:57,,,,
37.770154,-122.446669,"1476 Haight St, San Francisco, CA 94117",Wake Cup,,21:51:00,,,,
37.769988,-122.449334,"1640 Haight St, San Francisco, CA 94117",Brioche Bakery & Cafe,http://www.briochecafe.com/,21:51:04,organic,,,
37.755581,-122.438766,"499 Douglass St, San Francisco, CA 94114",Neighbor's Corner,https://neighborscornersf.com/,21:51:16,,,,
37.764423,-122.438148,"199 Museum Way, San Francisco, CA 94114",Café Josephine,https://www.satchelcafe.com/,21:51:20,,,,
37.752969,-122.405137,"2545 24th St, San Francisco, CA 94110",Stray Dog Coffee & Bar,,21:51:39,,,,
37.743686,-122.439946,"5214D Diamond Heights Blvd, San Francisco, CA 94131",Creighton's Bakery Cafe,,21:51:50,,,,
37.759159,-122.435186,"4117 19th St, San Francisco, CA 94114",Spike's Coffees and Teas,http://www.spikescoffee.com/,21:51:53,,,,
37.761054,-122.434392,"4076 18th St Downstairs, San Francisco, CA 94114",Poesia Cafe,http://www.poesiacafesf.com/,21:51:56,,,,
37.762911,-122.458226,"505 Parnassus Ave 2nd floor, San Francisco, CA 94143",Moffitt Café Express,https://nutrition.ucsf.edu/parnassus-heights,21:52:08,"compostable, eco-friendly",equity,,
37.733771,-122.433837,"2885 Diamond St, San Francisco, CA 94131",Bello Coffee & Tea,http://bello.coffee/,21:52:10,,,,
37.734361,-122.433728,"691 Chenery St, San Francisco, CA 94131",Higher Grounds Coffee House,,21:52:12,,,,
37.726246,-122.433282,"4495 Mission St, San Francisco, CA 94112",Excelsior Coffee,https://www.xlcrsf.com/,21:52:23,,,,
37.716144,-122.439991,"951 Geneva Ave, San Francisco, CA 94112",Claddagh Coffee,,21:52:47,,,,
37.715942,-122.439554,"981 Geneva Ave, San Francisco, CA 94112",Nameless Tea & Coffee,http://www.namelessteasf.com/,21:52:50,,,,
37.718074,-122.440169,"5032a Mission St, San Francisco, CA 94112",FrosTea Boba Tea and Shaved Snow Cafe,http://orderfrostea.com/,21:53:06,,,,
37.72323,-122.435564,"4689 Mission St, San Francisco, CA 94112",Mr. T Cafe,https://mrtcafesf.com/,21:53:10,,,,
37.714269,-122.435676,"1217 Geneva Ave, San Francisco, CA 94112",Universal Breakfast & Lunch,,21:53:34,,,,
37.712418,-122.406248,"144 Leland Ave, San Francisco, CA 94134",Mission Blue,http://www.missionbluesf.com/,21:53:38,,,,
37.722058,-122.437129,"4754 Mission St, San Francisco, CA 94112",TS cafe,https://tscafego.twupro.com/,21:53:59,,,,
37.726099,-122.434095,"4488A Mission St, San Francisco, CA 94112",Ann's Doughnut Coffee Shop,,21:54:15,,,,
37.728622,-122.43161,"4300 Mission St, San Francisco, CA 94112",Silver Cafe,,21:54:19,,,,
37.734918,-122.42555,"3926 Mission St, San Francisco, CA 94112",Keiko's Coffee Shop,,21:54:32,,,,
37.736129,-122.424106,"111 Richland Ave, San Francisco, CA 94110",Cafeto Coffee Shop,,21:55:15,,,,
37.746998,-122.418654,"3139 Mission St, San Francisco, CA 94110",CoffeeShop,https://coffeeshopsf.com/,21:55:21,,,,
37.751655,-122.431189,"3966 24th St, San Francisco, CA 94114",Bernie's,https://m.facebook.com/BerniesCoffee/,21:55:48,,,,
37.733803,-122.434242,"2852 Diamond St, San Francisco, CA 94131",Pebbles Cafe,,21:55:52,,,,
37.743675,-122.429131,"1598 Sanchez St, San Francisco, CA 94131",La Lucha Coffee Bar,,21:55:57,,,,
37.751721,-122.428699,"3850 24th St, San Francisco, CA 94114",Martha & Brothers Coffee Company,https://www.marthabros.com/,21:56:05,organic,,,
37.762117,-122.434975,"427 Castro St, San Francisco, CA 94114",Castro Coffee Company,http://castro-coffee.com/,21:56:21,organic,fair trade,,
37.762288,-122.434694,"3985 17th St, San Francisco, CA 94114",Cafe de Casa,http://www.cafedecasa.com/,21:56:37,,,,
37.759912,-122.435272,"564 Castro St, San Francisco, CA 94114",Castro Tarts,https://castrotarts.squarespace.com/,21:56:43,,,,
37.771363,-122.435292,"190 Scott St, San Francisco, CA 94117",The Coffee Collective,,21:56:49,,,,
37.7627,-122.428648,"500 Church St, San Francisco, CA 94114",SPRO - Mission Dolores/Castro,http://sprocoffeelab.com/,21:56:55,,,,
37.771525,-122.436883,"262 Divisadero St, San Francisco, CA 94117",Souvenir Coffee Co.,http://souvenir-coffee.com/,21:57:07,organic,fair-trade,direct-trade,
37.771335,-122.435156,"783 Haight St, San Francisco, CA 94117",The Grind,https://thegrindcafe.com/?y_source=1_MjU2NDY0OTUtNzE1LWxvY2F0aW9uLndlYnNpdGU%3D,21:57:12,,,,
37.772318,-122.437417,"301 Divisadero St, San Francisco, CA 94117",Sightglass Coffee,https://sightglasscoffee.com/,21:57:42,"organic, certified organic",,single origin,
37.776357,-122.434779,"Alamo Square Park, San Francisco, CA 94117",Lady Falcon Coffee Club,http://ladyfalconcoffeeclub.com/,21:57:52,,,,
37.77516,-122.437995,"601 Divisadero St, San Francisco, CA 94117",Bean Bag Cafe,https://beanbag.cafe/,21:57:58,,,,
37.783948,-122.441573,"2401 Post St, San Francisco, CA 94115",Opa Cafe,https://opasf.com/,21:58:24,,,,
37.792287,-122.434825,"2453 Fillmore St, San Francisco, CA 94115",Blue Bottle Coffee,https://bluebottlecoffee.com/us/eng/northern-california-cafes?utm_source=google&utm_medium=organic&utm_campaign=cafe_business_listing_norcal,21:58:30,,,,
37.78448,-122.433686,"1840 Geary Blvd, San Francisco, CA 94115",Les Croissants Cafe,,21:58:33,,,,
37.789347,-122.434235,"2123 Fillmore St, San Francisco, CA 94115",Jane on Fillmore,https://www.itsjane.com/location/jane-on-fillmore/,21:58:37,organic,,,
37.784847,-122.43949,"1600 Divisadero St, San Francisco, CA 94115",Mount Zion Cafe - UCSF Medical Center,https://nutrition.ucsf.edu/mount-zion,21:58:40,"compostable, eco-friendly",equity,,
37.784847,-122.43949,"1600 Divisadero St Basement Level, San Francisco, CA 94115",The Daily Grind,https://nutrition.ucsf.edu/mount-zion,21:58:42,"compostable, eco-friendly",equity,,
37.798253,-122.435587,"3108 Fillmore St, San Francisco, CA 94123",Lilikoi,https://pos.chowbus.com/online-ordering/store/lilikoi-sf-fillmore-st/22088,21:59:06,organic,,,
37.800727,-122.438683,"2146 Chestnut St, San Francisco, CA 94123",Boho Petite,https://www.bohopetitesf.com/,21:59:21,,,,
37.79714,-122.432814,"2035 Union St, San Francisco, CA 94123",Bleu Coffee & Tea,https://bluewhalerestaurant-lounge.com/,21:59:28,,,,
37.800918,-122.425333,"1443 Lombard St, San Francisco, CA 94123",Kopi Kita Indonesian Coffee,https://www.beanekacoffee.com/pages/our-location,21:59:51,,,,
37.801432,-122.424954,"1410 Lombard St, San Francisco, CA 94123",The Coffee Berry SF,http://thecoffeeberrysf.com/,21:59:55,"eco-friendly, organic",fair-trade,single origin,
37.805506,-122.431939,"2 Marina Blvd, San Francisco, CA 94123",Goody Cafe,http://fortmason.org/resident/goody-cafe/,22:00:08,,,,
37.798192,-122.424564,"1525 Union St, San Francisco, CA 94123",Motoring Coffee,https://www.motoring.coffee/,22:00:42,,,,
37.797542,-122.429666,"1849 Union St, San Francisco, CA 94123",Tadaima Marina,https://tadaimasf.com/,22:01:12,,,,
37.797036,-122.427343,"2567 Gough St, San Francisco, CA 94123",Blue Fog Market,http://www.bluefogmarket.com/,22:01:16,,,,
37.788898,-122.425412,"Gough St, San Francisco, CA 94109",Native Twins Coffee,,22:01:29,,,,
37.785207,-122.429193,"22 peace plaza #511, San Francisco, CA 94115",screen savor art and coffee,https://screensavor.com/,22:01:31,,,,
37.785939,-122.42887,"1640 Post St 1st floor, San Francisco, CA 94115",YakiniQ CAFE,,22:01:34,,,,
37.787648,-122.434037,"2325 Pine St, San Francisco, CA 94115",La Boulangerie de San Francisco,https://www.laboulangeriesf.com/,22:01:43,utz,,,
37.781555,-122.432577,"1301 Fillmore St, San Francisco, CA 94115",Fillmore Street Cafe,,22:02:01,,,,
37.788995,-122.417124,"899 Hyde St, San Francisco, CA 94109",Crostini & Java,https://www.crostiniandjava.com/,22:02:06,,,,
37.776401,-122.424235,"432 Octavia St B, San Francisco, CA 94102",Ritual Coffee Roasters,http://ritualcoffee.com/,22:02:42,,,single origin,
37.772531,-122.429362,"424 Haight St, San Francisco, CA 94117",Underground SF Coffeshop,https://undergroundsf.com/,22:02:57,,,,
37.771916,-122.430272,"254 Fillmore St, San Francisco, CA 94117",Out There Coffee Roasters,http://outthereroaster.com/,22:03:01,,,,
37.771404,-122.430132,"200 Fillmore St, San Francisco, CA 94117",Tarragon Cafe,http://www.tarragoncafe.com/,22:03:06,,,,
37.772276,-122.430844,"508 Haight St, San Francisco, CA 94117",Cafe International,,22:03:09,,,,
37.771275,-122.430443,"400 Waller St, San Francisco, CA 94117",Le Cafe du Soleil,https://www.lecafedusoleilsf.com/,22:03:13,,,,
37.767028,-122.429222,"2101 Market St, San Francisco, CA 94114",Verve Coffee Roasters,https://www.vervecoffee.com/pages/locations-san-francisco,22:03:16,,,single origin,
37.769161,-122.431623,"2 Sanchez St, San Francisco, CA 94114",Duboce Park Cafe,https://www.parkcafelife.com/,22:03:18,,,,
37.766684,-122.430514,"2172 Market St, San Francisco, CA 94114",Little Spoon Coffee,http://littlespoonsf.com/,22:03:29,,,,
37.766341,-122.429069,"260 Church St, San Francisco, CA 94114",Church Street Cafe,http://church-sf.teeq.io/,22:03:32,,,,
37.771108,-122.432071,"201 Steiner St, San Francisco, CA 94117",Cafe Réveille,http://www.cafereveille.com/,22:03:36,,,,
37.762998,-122.428333,"3698 17th St, San Francisco, CA 94114",Morning Due Cafe,http://morningduecafe.com/,22:03:45,,fair-trade,,
37.761327,-122.425735,"501 Dolores St, San Francisco, CA 94110",Dolores Park Cafe,http://parkcafelife.com/,22:03:47,,,,
37.763155,-122.426629,"398 Dolores St, San Francisco, CA 94110",Maxfield's House of Caffeine,https://www.maxfieldssf.com/,22:03:50,,,,
37.751811,-122.429381,"3898 24th St, San Francisco, CA 94114","La Boulangerie de San Francisco, Noe Valley",http://www.laboulangeriesf.com/,22:03:52,utz,,,
37.759841,-122.423469,"703 Guerrero St, San Francisco, CA 94110",Java Supreme,https://www.facebook.com/Java-Supreme-131684800208043/,22:03:56,,,,
37.763248,-122.419356,"2121 Mission St, San Francisco, CA 94110",Abanico Coffee Roasters,https://www.abanicocoffee.com/,22:04:01,,,"single-origin, direct trade",
37.748505,-122.429075,"1299 Sanchez St, San Francisco, CA 94114",Noe Cafe,http://noecafe.com/,22:04:11,"organic, certified organic",,"single origin, single-origin",
37.751628,-122.432613,"4026 24th St, San Francisco, CA 94114",Vive La Tarte,https://www.vivelatarte.com/,22:04:22,organic,,,
37.74849,-122.425176,"1300 Dolores St, San Francisco, CA 94110",U and I Coffee and Sandwich Shop,,22:04:26,,,,
37.745994,-122.426685,"1551 Church St, San Francisco, CA 94131",Martha & Bros. Coffee Co.,http://marthabros.com/,22:04:29,organic,,,
37.751146,-122.433421,"4073 24th St, San Francisco, CA 94114",Noe Valley Bakery,https://noevalleybakery.com/,22:04:31,"utz, organic",,,
37.742354,-122.426347,"1799 Church St, San Francisco, CA 94131",Cafe XO,,22:04:36,,,,
37.75211,-122.423049,"1192 Guerrero St, San Francisco, CA 94110","Jump Start Coffee, Beer, Wine, & Deli",,22:04:40,,,,
37.760087,-122.418806,"2301 Mission St Spc ""C, San Francisco, CA 94110",El Corazon Cafe,http://orderelcorazoncafe.com/,22:04:43,,,,
37.743003,-122.426886,"1748 Church St, San Francisco, CA 94131",Taffi's Cafe,,22:04:51,,,,
37.745436,-122.422417,"1600 Guerrero St, San Francisco, CA 94110",Cafe Gonzalez,http://cafe-gonzalez.square.site/,22:04:55,,,,
37.751417,-122.436129,"751 Diamond St, San Francisco, CA 94114",Diamond Cafe,https://diamondcafesf.com/,22:04:57,,,,
37.741666,-122.42274,"3438 Mission St, San Francisco, CA 94110",Tea Rex Cafe & Specialty Teas,https://www.tearexsf.com/home,22:04:58,,,,
37.734616,-122.433953,"2798 Diamond St, San Francisco, CA 94131",Glen Park Cafe,http://www.glenparkcafe.com/,22:05:03,organic,,,
37.739577,-122.419008,"231 Cortland Ave, San Francisco, CA 94110",Pinhole Coffee,http://www.pinholecoffee.com/,22:05:07,organic,,single origin,
37.728956,-122.403837,"2 Burrows St, San Francisco, CA 94134",Hey Neighbor Cafe,https://heyneighborcafe.com/,22:06:03,,,,
37.712556,-122.400799,"2155 Bayshore Blvd, Cross St, San Francisco, CA 94134",Aroma Buena Cafe,https://www.aromabuena.com/,22:06:12,organic,,,
37.744071,-122.422314,"78 29th St, San Francisco, CA 94110",Cafe Seventy8,http://www.cafeseventy8.com/,22:06:44,organic,,,
37.738997,-122.41768,"400 Cortland Ave, San Francisco, CA 94110",Progressive Grounds,,22:06:47,,,,
37.748045,-122.418455,"3100 Mission St, San Francisco, CA 94110",Sweet Chinito Cafe's,,22:06:55,,,,
37.756357,-122.418995,"2544 Mission St, San Francisco, CA 94110",Grand Coffee Too,http://grandcoffeesf.com/,22:07:03,,ethically sourced,"single origin, single-origin",
37.753923,-122.421185,"1198 Valencia St, San Francisco, CA 94110",UPFORDAYZ Cafe & Bakery,http://www.upfordayz.com/,22:07:06,organic,,single-origin,
37.754404,-122.418292,"2663 Mission St, San Francisco, CA 94110",Grand Coffee,http://grandcoffeesf.com/,22:07:09,,ethically sourced,"single origin, single-origin",
37.75231,-122.418795,"3318 24th St, San Francisco, CA 94110",Café La Bohème,http://www.cafelabohemesf.com/,22:07:18,,,,
37.752817,-122.421026,"1252 Valencia St, San Francisco, CA 94110",The Brazilian Spot (formerly Cafe Valencia),https://thebrazilianspotcafe.com/,22:07:21,,,,
37.75245,-122.417976,"3278 24th St #3926, San Francisco, CA 94110",Silverstone Cafe,,22:07:23,,,,
37.758072,-122.42152,"920 Valencia St, San Francisco, CA 94110",Sisters Coffee Shop,https://sisterscoffeeshop.com/,22:07:26,,,,
37.760957,-122.421824,"740 Valencia St, San Francisco, CA 94110",Dandelion Chocolate,http://www.dandelionchocolate.com/,22:07:38,organic,ethically sourced,"single origin, direct trade, single-origin",
37.761698,-122.419717,"3417 18th St, San Francisco, CA 94110",Linea Caffe,http://www.lineacaffe.com/,22:07:41,"organic, regenerative, certified organic",,,
37.761295,-122.416338,"434 Shotwell St, San Francisco, CA 94110",Hedge Coffee,http://hedge.coffee/,22:07:44,sustainable packaging,,,
37.764505,-122.421582,"521 Valencia St, San Francisco, CA 94110",Muddy Waters Coffee & Lounge,http://muddywatersf.com/,22:07:47,,,,
37.762518,-122.41971,"2154 Mission St, San Francisco, CA 94110",District Tea,https://l.instagram.com/?u=https%3A%2F%2Fdistrict-tea-san-francisco.cloveronline.com%2F%3Futm_source%3Dig%26utm_medium%3Dsocial%26utm_content%3Dlink_in_bio%26fbclid%3DPAcGRvZgJleHRuA2FlbQIxMQBzcnRjBmFwcF9pZA8xMjQwMjQ1NzQyODc0MTQAAafyvc6mTPW0pLkghb8ZN1lvcmaR3xCf5DmfoHPWZBweFMDBCpBlqi_zTMoG5w_aem_FsvXJH1i2xoEBiWnaii2kw&e=AUAcg7ENnOMwi_gXYDH6ycR9N9zWOuf2dHmSwa1HO2Hi4K3o5F-Btk8ZRBoQfd4u5LU6ZLQOII1GHs2FBwEZv5VcHyJlVqCCfNCbRFx0Xu6mqOTx8ChbWNn9PBORJ4t4JwCtIWeoc2XU,22:07:50,,,,
37.761728,-122.424316,"3614 18th St, San Francisco, CA 94110",Fayes,http://fayes3614.com/,22:07:53,,,,
37.767017,-122.421772,"375 Valencia St, San Francisco, CA 94103",Four Barrel Coffee,http://www.fourbarrelcoffee.com/,22:08:02,,,single origin,
37.775258,-122.419552,"1500 Market St, San Francisco, CA 94102",All Star Cafe,,22:08:13,,,,
37.774006,-122.424221,"201 Octavia St, San Francisco, CA 94102",Mercury Cafe,http://www.mercurycafe.net/,22:08:17,organic,,single origin,
37.783495,-122.417836,"611 Larkin St, San Francisco, CA 94109",Lafayette Coffee Shop,,22:08:29,,,,
37.784297,-122.416383,"609 Ellis St, San Francisco, CA 94109",Tu Kim Coffee Shop,,22:08:33,,,,
37.786439,-122.418468,"925 Larkin St, San Francisco, CA 94115",Jane on Larkin,https://www.itsjane.com/location/jane-on-larkin/,22:08:36,organic,,,
37.782381,-122.42045,"748 Van Ness Ave, San Francisco, CA 94102",Salty's,http://saltysf.com/,22:08:41,,,,
37.789745,-122.420801,"1401 Polk St, San Francisco, CA 94109",Juniper,http://www.juniper.cafe/,22:08:53,,,"single origin, single-origin",
37.789865,-122.417463,"969 Hyde St, San Francisco, CA 94109",MJ's Cafe,,22:08:55,,,,
37.788652,-122.413993,"816 Sutter St, San Francisco, CA 94109",THE BIRDCAGE SAN FRANCISCO,http://thebirdcagesf.com/,22:09:05,,,,
37.797161,-122.421736,"2216 Polk St, San Francisco, CA 94109",Side Characters,,22:09:14,,,,
37.799321,-122.422249,"2436 Polk St, San Francisco, CA 94109",Fueling Station Cafe,,22:09:25,,,,
37.80732,-122.416184,"434 Beach St, San Francisco, CA 94133",Latte Express,,22:09:38,,,,
37.799105,-122.409174,"1441 Stockton St, San Francisco, CA 94133",Cavalli Cafe,,22:09:41,,,,
37.802777,-122.41431,"790 Lombard St, San Francisco, CA 94133",Fiddle Fig Cafe & Coffee,https://order.toasttab.com/online/fiddlefigcafe,22:09:47,,,,
37.795102,-122.3957,"39 Pier 39, San Francisco, CA 94133",Biscoff Coffee Corner,http://biscoffcoffeecorner.com/,22:09:55,,,,
37.804749,-122.41193,"2161 Powell St, San Francisco, CA 94133",Cafe Francisco,https://m.facebook.com/Cafe-Francisco-253053403241/,22:09:58,,,,
37.807988,-122.410633,"Pier 39, 106-B Beach St Spc K, San Francisco, CA 94133",Artly Robot Coffee @ Pier 39,https://artly.coffee/,22:10:03,,,,
37.803961,-122.413122,"2200 Mason St, San Francisco, CA 94133",Caffe Capriccio,https://www.facebook.com/pages/category/Cafe/Caffe-Capriccio-97255623550/,22:10:13,,,,
37.798951,-122.408474,"423 Columbus Ave, San Francisco, CA 94133",Caffe Greco,http://www.caffegreco.com/,22:10:18,,,,
37.799669,-122.409665,"501 Columbus Ave, San Francisco, CA 94133",Cafe Angolo,,22:10:22,,,,
37.807318,-122.419137,"2801 Leavenworth St #1, San Francisco, CA 94133",Pomegranate,http://pomegranatebythebay.com/,22:10:26,,,,
37.801363,-122.412033,"735 Columbus Ave, San Francisco, CA 94133",Graffeo Coffee Roasting Co.,http://www.graffeo.com/,22:10:41,chemical free,,,
37.802225,-122.413253,"805 Columbus Ave, San Francisco, CA 94133",Beacon Coffee & Pantry,http://www.beacon-sf.com/,22:10:44,,,,
37.801775,-122.412043,"754 Columbus Ave, San Francisco, CA 94133",XOX Truffles,https://xoxtruffles.cafe/,22:10:48,,,,
37.789904,-122.411669,"882 Bush St, San Francisco, CA 94108",Fresh Brew Coffee,,22:10:58,,,,
37.786706,-122.411105,"495 Geary St, San Francisco, CA 94102",Fredericks,https://www.sonesta.com/royal-sonesta/ca/san-francisco/clift-royal-sonesta-hotel/#hoteldetails_dining,22:11:08,,,,
37.789678,-122.414036,"1008 Bush St, San Francisco, CA 94109",The Morning Fix,,22:11:11,,,,
37.788672,-122.413815,"800 Sutter St, San Francisco, CA 94109",Cafe Bean,https://chester94.wixsite.com/cafebeansf,22:11:23,,,,
37.78936,-122.409792,"562 Sutter St, San Francisco, CA 94102",Bluestone Lane Theatre District Coffee Shop,https://bluestonelane.com/coffee-shops/theatre-district-562-sutter-st-san-francisco/?y_source=1_MTE3NTQ5NzItNzE1LWxvY2F0aW9uLndlYnNpdGU%3D,22:11:25,"utz, organic",equity,,
37.774598,-122.411006,"1246 Folsom St, San Francisco, CA 94103","Cafe Suspiro - coffee, records, and books!",http://www.cafesuspiro.com/,22:11:37,,,,
37.78242,-122.4063,"100 5th St, San Francisco, CA 94103",Java Trading Co.,http://www.java-trading.com/,22:11:39,"sustainably sourced, chemical free, organic",ethically sourced,directly traded,
37.786994,-122.407902,"242 Powell St, San Francisco, CA 94102",Nave Cafe,,22:11:42,,,,
37.772118,-122.409109,"451 9th St, San Francisco, CA 94103",Oven & Phin,,22:11:56,,,,
37.76339,-122.416462,"3153 17th St #1332, San Francisco, CA 94110",Robin's Café,http://www.robinscafesf.com/,22:12:08,,,,
37.76321,-122.415457,"2128 Folsom St, San Francisco, CA 94110",Stable Cafe,http://stablecafe.com/,22:12:12,organic,ethically sourced,,
37.752644,-122.413724,"3086 24th St, San Francisco, CA 94110",Haus Coffee,http://hauscoffeesf.com/,22:12:34,,,,
37.752713,-122.412195,"3000 24th St, San Francisco, CA 94110",temos coffee,,22:12:37,,,,
37.758934,-122.411415,"3049 20th St, San Francisco, CA 94110",Atlas Cafe,http://www.atlascafe.net/,22:12:48,,,,
37.761917,-122.419985,"3420 18th St #001, San Francisco, CA 94110",Brew Cha & Matcha - San Francisco,http://www.brewchasf.com/,22:12:53,,,,
37.752602,-122.409587,"2871 24th St, San Francisco, CA 94110",L's Caffe,http://ls-caffe.com/,22:13:11,,,,
37.757553,-122.40851,"2681 21st St, San Francisco, CA 94110",Marigold Café,https://www.marigoldsf.com/coffee-page,22:13:14,,,,
37.75748,-122.418606,"2475 Mission St, San Francisco, CA 94110",Cafe La Taza,https://cafelataza.com/?utm_source=google,22:13:19,,,,
37.747091,-122.413752,"3202 Folsom St, San Francisco, CA 94110",Charlie's Cafe,,22:13:27,,,,
37.746975,-122.410402,"500 Precita Ave, San Francisco, CA 94110",Precita Park Cafe & Grill,https://www.parkcafelife.com/,22:13:29,,,,
37.748837,-122.417254,"3359 26th St, San Francisco, CA 94110",The Fold,http://thefoldsf.com/,22:13:31,,purpose driven,,
37.739266,-122.417633,"401 Cortland Ave, San Francisco, CA 94110",The Epicurean Trader - Bernal Heights,https://theepicureantrader.com/,22:13:39,organic,,single-origin,
37.726489,-122.403404,"2798 San Bruno Ave, San Francisco, CA 94134",Danny's Coffee Shop (Danny's Cafe),,22:13:56,,,,
37.739758,-122.403378,"66 Dorman Ave, San Francisco, CA 94124",Grumpy Cafe,http://grumpysf.com/,22:13:58,,,,
37.711632,-122.40423,"28 Leland Ave, San Francisco, CA 94134",La Joya Cafe,https://la-joya-cafe.com/,22:14:07,,,,
37.711843,-122.404796,"58 Leland Ave, San Francisco, CA 94134",Creative Ideas Cafe,https://creativeideascateringcafe.com/,22:14:43,organic,,,
37.730884,-122.391777,"5191 3rd St, San Francisco, CA 94124",Butchertown Coffee,,22:14:47,,,,
37.726549,-122.39063,"1598 Yosemite Ave, San Francisco, CA 94124",Craftsman and Wolves the Den,http://www.craftsman-wolves.com/,22:14:56,,,,
37.729426,-122.404676,"2546 San Bruno Ave, San Francisco, CA 94134",H & L Cafe,https://hlcafego.site/,22:15:15,,,,
37.754093,-122.406297,"1101 Potrero Ave, San Francisco, CA 94110",Luna's Coffee House,,22:15:38,,,,
37.755383,-122.40539,"1001 Potrero Ave, San Francisco, CA 94110",Lucky Coffee,,22:15:40,,,,
37.753086,-122.40761,"2760 24th St, San Francisco, CA 94110",Dynamo Donut & Coffee,http://www.dynamodonut.com/,22:15:43,,,,
37.752443,-122.41344,"3077 24th St, San Francisco, CA 94110",Double Shot Coffee #3,,22:15:46,,,,
37.776028,-122.402952,"804 Bryant St, San Francisco, CA 94103",Social Cafe,https://www.socialcafesf.com/,22:16:12,,,,
37.772253,-122.407542,"1016 Bryant St, San Francisco, CA 94103",Higher Land Coffee,https://higherlandcoffee.com/,22:16:15,"compostable, organic",fair trade,single origin,
37.787449,-122.404005,"720 Market St, San Francisco, CA 94102",Metropolitan Coffee,,22:16:33,,,,
37.79865,-122.407365,"601 Vallejo St, San Francisco, CA 94133",Caffe Trieste,https://caffetrieste.com/,22:16:45,,,,
37.79213,-122.404536,"433 Kearny St, San Francisco, CA 94108",Coffee Bar-Kearny,https://www.originalcoffeebarsf.com/,22:16:47,organic,equity,,
37.80285,-122.402011,"1255 Battery St #170, San Francisco, CA 94111",The Pop-Up by Porter,https://byporter.com/levisplaza,22:16:56,,,,
37.802959,-122.414263,"901 Columbus Ave, San Francisco, CA 94133",901 Columbus,http://www.901columbuscafe.com/,22:17:00,organic,,,
37.794914,-122.393402,"Pier 15, San Francisco, CA 94111",Catalyst Coffee Lab,,22:17:04,,,,
37.799763,-122.40841,"562 Green St, San Francisco, CA 94133",Columbus Cafe,http://www.columbuscafesf.com/,22:17:08,,,,
37.800219,-122.409794,"566 Columbus Ave, San Francisco, CA 94133",Mario's Bohemian Cafe,https://mariosbohemian.com/,22:17:36,,,,
37.777401,-122.395177,"685 4th St, San Francisco, CA 94107",Coffee Wafflee,https://www.coffeewafflee.com/,22:18:18,,,,
37.771107,-122.391735,"626 Mission Bay Blvd North, San Francisco, CA 94158",Fanoos Coffee,http://fanooscoffees.com/,22:18:20,,ethically sourced,"single origin, single-origin",
37.7783,-122.410305,"160 7th St, San Francisco, CA 94103",Caffe Moda,,22:18:22,,,,
37.775534,-122.415908,"1398 Mission St, San Francisco, CA 94103",Cumaica: Artesanos del Cafe,http://cumaica.com/,22:18:25,,,,
37.762469,-122.395984,"1315 18th St, San Francisco, CA 94107",Farley's Coffeehouse,http://www.farleyscoffee.com/,22:18:38,,,,
37.757903,-122.394718,"1302 22nd St, San Francisco, CA 94107",Ikon Coffee,http://www.ikoncoffee.com/,22:18:42,,,"single origin, single-origin",
37.763715,-122.395189,"1125 Mariposa St, San Francisco, CA 94107",Linea Coffee Roasting + Caffe,https://lineacaffe.com/,22:18:57,"organic, regenerative, certified organic",,,
37.754252,-122.389381,"1275 Minnesota St, San Francisco, CA 94107",Grand Coffee at Minnesota Street Project,https://www.grandcoffeesf.com/?srsltid=AfmBOorPHr6nnIx3ZS6hPE76F2zhw-RMNaEO64P9X2Jw88rHeimgI86F,22:19:14,,ethically sourced,"single origin, single-origin",
37.743078,-122.386781,"1550 Evans Ave, San Francisco, CA 94124",Hungry Cafe,http://www.thehungrycafe.com/,22:19:24,,,,
37.743745,-122.384098,"50 Mendell St Ste 1, San Francisco, CA 94124",Vasquez Coffee,http://vasquezcoffee.com/,22:19:27,"compostable, organic, certified organic","fair trade, fairtrade","single-origin, direct trade",
37.732004,-122.37542,"888 Innes Ave, San Francisco, CA 94124",Cafe Alma,https://www.cafealmasf.com/,22:20:03,organic,,,
37.74194,-122.387432,"3801 3rd St #535, San Francisco, CA 94124",Tiffanys Cafe,https://tiffanyscafe.smartonlineorder.com/,22:20:36,,,,
37.757738,-122.389929,"845 22nd St, San Francisco, CA 94107",Piccino Coffee Bar,https://www.piccinocoffeebar.com/,22:20:57,,,,
37.759821,-122.397938,"1631 20th St, San Francisco, CA 94107",Thinkers Cafe,,22:21:02,,,,
37.757647,-122.393116,"701 Pennsylvania Ave (at, 22nd St, San Francisco, CA 94107",La Stazione / Cannoli & Co.,http://lastazionesf.com/,22:21:16,,,,
37.773132,-122.393715,"290 Channel St, San Francisco, CA 94158",Zocalo Coffee,https://www.zocalocoffee.com/,22:21:32,"regenerative, organic",fairtrade,"relationship coffee, full traceability",
37.770997,-122.391433,"601 Mission Bay Blvd North, San Francisco, CA 94158",SPRO - Mission Bay/SOMA,http://sprocoffeelab.com/,22:21:38,,,,
37.781241,-122.40815,"981 Mission St, San Francisco, CA 94103",Trellis Coworking & Events,https://trellis.social/,22:21:52,"organic, eco-friendly","benefit corporations, social enterprise, equity",,
37.780089,-122.394684,"590 3rd St, San Francisco, CA 94107",Cafe Buenos Aires SF,https://cba.order.starterbyte.app/,22:21:54,,,,
37.789312,-122.405617,"12 Tillman Pl, San Francisco, CA 94108",Bella Cafe,https://bellacafesf.com/,22:22:12,,,,
37.788274,-122.409727,"488 Post St, San Francisco, CA 94102","Cafe Encore: Coffee, Breakfast, and Lunch Delights",https://s.allsetnow.com/Dk6GXPK/,22:22:20,,,,
37.794219,-122.404238,"670 Commercial St, San Francisco, CA 94111",CHAPEL COFFEE,https://www.instagram.com/chapelcoffee/,22:22:40,,,,
37.797274,-122.405604,"200 Columbus Ave, San Francisco, CA 94133",Réveille Coffee Co.,http://reveillecoffee.com/,22:22:46,,,traceable,
37.790098,-122.402871,"140 Sutter St, San Francisco, CA 94104",Cento Coffee,https://centocoffee.com/,22:23:27,,,,
37.794923,-122.396082,"4 Embarcadero Ctr #4504, San Francisco, CA 94111",Rosalind Bakery Cafe,https://rosalindbakery.com/,22:23:39,organic,,,
37.79042,-122.402406,"101 Montgomery St, San Francisco, CA 94104",Coffee Bar Montgomery,https://www.originalcoffeebarsf.com/,22:23:43,organic,equity,,
37.793754,-122.399065,"227 Front St, San Francisco, CA 94111",Bluestone Lane Front Street Coffee Shop,https://bluestonelane.com/cafes/financial-district-227-front-st/?y_source=1_ODc5MjkwNS03MTUtbG9jYXRpb24ud2Vic2l0ZQ%3D%3D,22:23:50,organic,,,
37.787247,-122.399959,"121 New Montgomery St, San Francisco, CA 94105",Cà phê Việt,https://caphe-viet.com/,22:24:06,,,,
37.780487,-122.394369,"599 3rd St #100, San Francisco, CA 94107",Golden Goat Coffee,http://goldengoatcoffee.com/,22:24:15,,,"single origin, single-origin",
37.776634,-122.394796,"700 4th St, San Francisco, CA 94107",Tazza D'Amore Cafe,http://www.tazzadamorecafe.com/,22:25:21,,,,
37.778982,-122.391752,"170 King St STE 109, San Francisco, CA 94112","Bravado, Italian Coffee Bar And Lounge",https://www.bravadolounge.com/,22:25:46,,,,
37.76353,-122.3999,"1675 Mariposa St, San Francisco, CA 94107",Magic Donuts & Coffee,https://www.magicdonuts.com/,22:27:24,,,,
37.760616,-122.388221,"632 20th St, San Francisco, CA 94107",Bandit,https://bandit-632.square.site/,22:27:45,,,,
37.762918,-122.388981,"601 18th St, San Francisco, CA 94107",Noe Cafe - Dogpatch,http://noecafe.com/,22:36:45,"organic, certified organic",,"single origin, single-origin",
37.759246,-122.387923,"2335 3rd St, San Francisco, CA 94107",THE PLANT cafe organic,http://theplantcafe.com/dogpatch,22:37:01,"organic, certified organic, eco-friendly",,,
37.768587,-122.392112,"Gene Friend Wy, San Francisco, CA 94158",Double Shot Coffee #2,,22:37:48,,,,
37.766632,-122.39031,"Gateway Medical Building, 1825 4th St 1st Floor, San Francisco, CA 94158",Equator Café - UCSF Medical Center at Mission Bay,https://nutrition.ucsf.edu/mission-bay,22:38:31,"compostable, eco-friendly",equity,,
37.781399,-122.38865,"800 The Embarcadero, San Francisco, CA 94107",South Beach Cafe,http://southbeachcafe.net/,22:39:38,,,,
37.781766,-122.394346,"102 S Park St, San Francisco, CA 94107",Caffe Centro SP,,22:40:01,,,,
37.787983,-122.393861,"420 Folsom St, San Francisco, CA 94105",Bluestone Lane Avery Café,https://bluestonelane.com/?y_source=1_MjM3Nzg4NzgtNzE1LWxvY2F0aW9uLndlYnNpdGU%3D,22:40:53,organic,equity,,
37.789811,-122.392947,"250 Main St, San Francisco, CA 94105",Boba&Brew,https://www.boba-brew.com/,22:41:15,,,,
37.791888,-122.392751,"121 Spear St Ste B12, San Francisco, CA 94105",Penelope's Coffee & Tea,https://penelopescoffee.com/,22:41:40,utz,,,
37.815463,-122.290597,"1416 20th St, Oakland, CA 94607",Proyecto Diaz Coffee,https://www.proyectodiazcoffee.com/,23:19:06,biodiversity,fair trade,single origin,
37.809587,-122.256057,"447 Perkins St, Oakland, CA 94610",Oasis Coffee Garden,,23:19:31,,,,
37.804736,-122.26751,"1528 Webster St, Oakland, CA 94612",Motivāt Coffee Roasters,http://motivatcoffee.com/,23:20:55,,,single origin,
37.80048,-122.273973,"801 Broadway, Oakland, CA 94607",Sana'a Cafe,https://thesanaacafe.com/,23:21:45,,,,
37.784374,-122.301449,"2350 Saratoga St Unit 101, Alameda, CA 94501",Blue Drip Co.,http://www.bluedripco.com/,23:35:39,"organic, eco-friendly",,,
37.804404,-122.245141,"543 Athol Ave, Oakland, CA 94606",Golden Outside,https://www.goldenoutside.com/,23:37:37,,,,
37.795029,-122.274825,"377 2nd St #110, Oakland, CA 94607",Bicycle Coffee,http://www.bicyclecoffeeco.com/,23:38:12,,,,
37.825814,-122.284786,"1430 34th St, Oakland, CA 94608","Proyecto Diaz Coffee - Roastery only, not open to the public",http://www.proyectodiazcoffee.com/,23:38:23,biodiversity,fair trade,single origin,
37.812878,-122.29792,"1746 13th St, Oakland, CA 94607",Kilovolt Coffee,https://kilovolt.coffee/,23:39:33,,,,
37.814636,-122.292339,"1640 18th St, Oakland, CA 94607",Highwire Coffee Roasters,https://www.highwirecoffee.com/,23:39:52,"organic, certified organic",,"single origin, full traceability",
37.7711,-122.269192,"930 Central Ave, Alameda, CA 94501",Lazybird Coffee,https://www.lazybirdcoffee.com/,23:48:26,biodiversity,,,
37.767458,-122.240327,"1629 Park St, Alameda, CA 94501",Dandelion Kaffe,http://www.dandelionkaffe.com/,23:48:40,,,,
37.771255,-122.275159,"734 Central Ave, Alameda, CA 94501",Spritzer's Cafe,http://facebook.com/spritzersCafe,23:48:57,,,,
37.800684,-122.270139,"1004 Webster St, Oakland, CA 94607",Jolly Cafe,,23:51:14,,,,
37.802529,-122.271891,"1120 Broadway, Oakland, CA 94607",The Caffè by Mr. Espresso,http://www.thecaffeoak.com/,23:51:31,organic,,,
37.851754,-122.265858,"6606 Shattuck Ave., Oakland, CA 94609",Damask Rose,https://damask-rose.square.site/,23:52:26,,,,
37.80507,-122.271131,"1429 Broadway, Oakland, CA 94612",Awaken Cafe & Roasting,http://www.awakencafe.com/,23:52:39,,equity,,
37.840095,-122.290943,"5858 Horton St #151, Emeryville, CA 94608",Polaris Cafe,https://www.thepolariscafe.com/,23:53:22,organic,,,
37.824115,-122.284936,"3207 Louise St, Oakland, CA 94608",Soul Blends Coffee Roasters,https://www.soulblendscoffee.com/,23:53:56,,,,
37.803858,-122.275259,"555 12th St #101, Oakland, CA 94607",Oaklandia Cafe x Bakery,http://oaklandiacafe.com/,23:54:11,,,,
37.820875,-122.282644,"2823 Adeline St, Oakland, CA 94608",Sweet Maria's Coffee Warehouse,http://www.sweetmarias.com/,23:54:25,"compostable, organic",fair trade,,
37.804717,-122.273544,"1300 Clay St, Oakland, CA 94612",modern coffee,http://www.moderncoffeeoakland.com/,23:55:01,,,single origin,
37.799099,-122.278204,"571 5th St, Oakland, CA 94607",Shapeshifters Café,http://shapeshifterscafe.com/,23:55:36,,,,
37.809422,-122.270545,"1951 Telegraph Ave Ste 4, Oakland, CA 94612",Kinfolx,http://kinfolxoakland.com/,23:55:48,,,,
37.796514,-122.26508,"77 8th St Ste 182, Oakland, CA 94607",Lane-E Kefa Coffee,,23:56:01,,,,
37.801101,-122.272646,"988 Broadway, Oakland, CA 94607",Café Gabriela,,23:56:18,,,,
37.788761,-122.279785,"2700 5th St, Alameda, CA 94501",Starbucks,"https://www.starbucks.com/store-locator?map=37.806475,-122.292595,11z&place=2700%205th%20St,%20Alameda,%20CA%2094501,%20USA",23:57:17,,,,
37.773919,-122.276508,"1518 Webster St, Alameda, CA 94501",Wescafe,http://wescafealameda.com/,23:57:30,organic,fair trade,,
37.769989,-122.261653,"1414 Encinal Ave, Alameda, CA 94501",Jay's Coffee Teas and Treats,https://jayscoffeealameda.com/,23:57:43,,,,
37.76318,-122.243853,"1333 Park St, Alameda, CA 94501",The Local,,00:03:34,,,,
37.770397,-122.237439,"1926 Park St, Alameda, CA 94501",Ones Cafe & Bakery,,00:03:45,,,,
37.778046,-122.252429,"2099 Grand St, Alameda, CA 94501",Mosley's Cafe,http://www.mosleyscafe.com/,00:03:59,,,,
37.783808,-122.273642,"825 Marina Village Pkwy, Alameda, CA 94501",TOMO Tea House,https://tomoteaalameda.square.site/,00:06:07,,,,
37.797582,-122.279126,"590 2nd St, Oakland, CA 94607",Kitsch Coffee,https://instagram.com/Kitschcoffeeoakland,00:07:34,,,,
37.800871,-122.276268,"730 Clay St, Oakland, CA 94607",Oeste - Cafe (coffee shop closed. Oeste - bar still open),http://www.oesteoakland.com/,00:08:11,"utz, organic",,,
37.801886,-122.26999,"359 12th St, Oakland, CA 94607",Botbar Coffee,https://botbarcoffee.com/,00:08:24,"rainforest alliance, organic",,,
37.818862,-122.264983,"411 30th St, Oakland, CA 94609",Petit Cafe,http://www.petitcafeoak.com/,00:09:07,,,,
37.799397,-122.286482,"155 Filbert St, Oakland, CA 94607",Montse's Cafe,,00:10:56,,,,
37.813416,-122.290098,"1724 Mandela Pkwy #3, Oakland, CA 94607",Nunu's Cafe,,00:11:39,,,,
37.766741,-122.254318,"1910 Encinal Ave, Alameda, CA 94501",Blue Dot Cafe & Coffee Bar,https://www.bluedotcafeandcoffeebar.com/,00:14:10,,,,
37.726083,-122.23924,"1501 Harbor Bay Pkwy, Alameda, CA 94502",Cafe Jolie Petit,http://www.cafejolies.com/,00:17:43,,,,
37.756058,-122.233405,"3215 Encinal Ave Ste D, Alameda, CA 94501",Bad Barista,,00:18:49,,,,
37.761618,-122.245339,"1223 Park St, Alameda, CA 94501",Julie's Coffee & Tea Garden,https://juliestea.com/,00:19:50,organic,,,
37.759261,-122.25372,"531 S Shore Center, Alameda, CA 94501",Southshore Cafe,https://southshorecafego.site/,00:20:43,,,,
37.775907,-122.212847,"4200 Foothill Blvd, Oakland, CA 94601",Paulina's Cafecitos,https://paulinascafecitos.square.site/,00:20:57,,,,
37.79322,-122.26719,"260 Oak St, Oakland, CA 94607",Peerless Coffee & Tea,http://www.peerlesscoffee.com/,00:22:27,,,,
37.78766,-122.25558,"101 Clinton Ln, Oakland, CA 94606",Zocalo Coffee and Kitchen,https://www.zocalocoffee.com/,00:22:43,"regenerative, organic",fairtrade,"relationship coffee, full traceability",
37.794783,-122.268014,"412 Madison St #103, Oakland, CA 94607",Good Vybes & Brews | Speciality Coffee and Tea,https://goodvybesandbrews.com/,00:23:19,organic,"fair-trade, fair trade",,
37.805843,-122.266803,"1700 Webster St, Oakland, CA 94612",Timeless Coffee,http://www.timelesscoffee.com/,00:23:58,organic,,single origin,
37.799246,-122.27063,"326 8th St, Oakland, CA 94607",Saint Anna Coffee Shop,https://saintannacafeshopgo.site/,00:24:17,,,,
37.802292,-122.271459,"1111 Franklin St Ste B, Oakland, CA 94607",High XII Cafe & Coffee,https://highxii.com/,00:24:35,,,,
37.804986,-122.27598,"1259 Jefferson St, Oakland, CA 94612",City Cup Cafe,,00:25:16,,,,
37.811214,-122.267506,"2201 Broadway, Oakland, CA 94612",Proyecto Diaz Coffee Outpost,,00:25:30,,,,
37.810006,-122.266936,"400 21st St, Oakland, CA 94612",Marin's Kitchen & Coffee,https://marinskitchenandcoffee.com/,00:26:11,,,,
37.809399,-122.26842,"2001 Broadway, Oakland, CA 94612",Tierra Mia Coffee,http://www.tierramiacoffee.com/,00:27:19,,,,
37.818673,-122.267013,"2930 Telegraph Ave, Oakland, CA 94609",Jebena Cafe,http://www.jebenacafes.com/,00:27:33,organic,,,
37.815005,-122.26787,"2532 Telegraph Ave, Oakland, CA 94612",Koffee Pot,https://koffeepotca.com/,00:27:47,,,,
37.814515,-122.265241,"2523 Broadway, Oakland, CA 94612",The Crown: Royal Coffee Lab & Tasting Room,https://events.royalcoffee.com/events,00:27:59,,,,
37.81337,-122.266974,"2327 Broadway, Oakland, CA 94612",Cafenated Coffee Co,https://www.cafenated.co/,00:28:14,"organic, certified organic",fair trade,"single-origin, single origin, farm-to-cup, unionized",
37.809907,-122.265922,"2115 Webster St, Oakland, CA 94612",Jitters Espresso Bars,,00:28:29,,,,
37.812847,-122.266225,"2355 Broadway, Oakland, CA 94612",Sweet Bar Bakery,http://sweetbar.squarespace.com/,00:28:43,"sustainably grown, organic",fair trade,,
37.806744,-122.267024,"357 19th St, Oakland, CA 94612",Arista coffee & pastries,,00:28:56,,,,
37.818664,-122.26411,"371 30th St Suite C100, Oakland, CA 94609",Olivia Coffee & Flower,https://www.instagram.com/olivia_coffeeflower/,00:29:07,,,,
37.807583,-122.267189,"1924 Franklin St, Oakland, CA 94612",Coco Cafe Oakland,http://www.cococafeoakland.com/,00:29:26,,,,
37.811071,-122.266593,"2212 Broadway, Oakland, CA 94612",Boba Binge Uptown,https://www.boba-binge.com/,00:29:40,,,,
37.804103,-122.273873,"1200 Clay St #110, Oakland, CA 94612",SANA'A CAFE,http://thesanaacafe.com/,00:30:16,,,,
37.803856,-122.271129,"1312 Broadway, Oakland, CA 94612",Oak-Dar,,00:30:33,,,,
37.803525,-122.268435,"340 14th St, Oakland, CA 94612",Cafe Uccello,https://cafeuccello.com/,00:31:10,,,,
37.805769,-122.271064,"300 Frank H. Ogawa Plaza #130, Oakland, CA 94612",Caffe Teatro,http://caffeteatrooakland.com/,00:31:24,,,,
37.774566,-122.264364,"1200 Lincoln Ave, Alameda, CA 94501",Island Savoy Market,http://www.islandsavoymarket.com/,00:32:42,organic,,,
37.767732,-122.23943,"1650 Park St, Alameda, CA 94501",Beanery of Alameda,http://www.beaneryofalameda.com/,00:33:41,,,,
37.776336,-122.228355,"3098 E 10th St, Oakland, CA 94601",Red Bay Coffee Roastery,http://www.redbaycoffee.com/,00:34:13,organic,,single origin,
37.766863,-122.241196,"2333 Lincoln Ave, Alameda, CA 94501",Jim's Coffee Shop,http://www.jimscoffeeshop.com/,00:34:51,,,,
37.757131,-122.252357,"2212-F S Shore Center, Alameda, CA 94501",Bagel Street Cafe,https://www.bagelstreetcafe.net/,00:40:01,,,,
37.799759,-122.253652,"203A E 18th St, Oakland, CA 94606",Rise & Grind Coffee,https://www.riseandgrind-sf.com/,00:41:48,,,,
37.791554,-122.266846,"43 Embarcadero, Oakland, CA 94606",Boats & Beans,https://boatsandbeans.square.site/,00:41:59,,,,
37.796138,-122.242353,"1038 E 21st St, Oakland, CA 94606",Cafe Xochi,https://www.xochithedogcafe.com/,00:42:10,,,,
37.804228,-122.262608,"155 17th St, Oakland, CA 94612",Good News Cafe,https://m.facebook.com/Good-News-Cafe-108172375891782/,00:43:14,,,,
37.809921,-122.258968,"246 Grand Ave, Oakland, CA 94610",1888 Coffee Station,https://1888coffee.com/locations/1888-coffee-station-at-bacheesos-menu/,00:44:21,rainforest alliance,,single origin,
37.809676,-122.24991,"614 Grand Ave, Oakland, CA 94610",Merritt Station Cafe,,00:45:00,,,,
37.804961,-122.248742,"504 Wesley Ave, Oakland, CA 94606",Haddon Hill Cafe,http://www.haddonhillcafe.com/,00:45:14,,,,
37.808144,-122.248775,"2834 Lakeshore Ave, Oakland, CA 94610",Mazar Cafe,,00:45:32,,,,
37.79932,-122.26426,"1109 Oak St, Oakland, CA 94607",Eden Plaza Cafe,,00:46:31,,,,
37.799796,-122.250496,"1841 Park Blvd, Oakland, CA 94606",Woody's Cafe,,00:46:48,,,,
37.7941,-122.25402,"605 E 12th St, Oakland, CA 94606",Cafe Da Huong,,00:47:23,,,,
37.763135,-122.24395,"1321 Park St, Alameda, CA 94501",MandRo Teahouse,https://mandroalameda.muncho.io/,00:48:44,,,,
37.771447,-122.212297,"4532 International Blvd, Oakland, CA 94601",ADORO CAFFE,,00:52:40,,,,
37.786376,-122.240474,"1920 International Blvd, Oakland, CA 94606",House of Phin,http://houseofphin.com/,00:52:54,,,,
37.765666,-122.242277,"2321 Santa Clara Ave, Alameda, CA 94501",Happy Lemon,,00:55:33,,,,
37.787335,-122.243039,"1711 International Blvd, Oakland, CA 94606",Café Aduuuu!!!,,00:56:29,,,,
37.811452,-122.24748,"3206 Grand Ave, Oakland, CA 94610",Red Bay Coffee,https://www.redbaycoffee.com/,00:58:09,b corp,"ethically sourced, fair trade, fair wages","single origin, direct trade",
37.813739,-122.24688,"3363 Grand Ave, Oakland, CA 94610",The Coffee Mill,,00:58:41,,,,
37.813458,-122.246309,"3352 Grand Ave, Oakland, CA 94610",Pressivo Cafe,,00:58:56,,,,
37.813367,-122.24641,"3340 Grand Ave, Oakland, CA 94610",The Mix,https://www.themixtea.com/,00:59:42,,,,
37.824116,-122.255134,"3824 Piedmont Ave, Oakland, CA 94611",Snow White Coffee,http://snowwhitecoffee.com/,01:00:04,,,,
37.807621,-122.22241,"4225 Park Blvd, Oakland, CA 94602",Ultimate Grounds Et Al,http://ultimate-grounds-et-al.local-cafes.com/,01:00:44,,,,
37.782016,-122.236661,"2325 E 12th St, Oakland, CA 94606",Café 15,http://cafefifteen.com/?utm_source=Google&utm_medium=website_button&utm_campaign=Google+My+Business,01:02:14,"sustainable packaging, organic",,,
37.775383,-122.223941,"3411 E 12th St #134, Oakland, CA 94601",Powderface,https://powderface.square.site/,01:02:55,,,,
37.769298,-122.234079,"2531 Blanding Ave, Alameda, CA 94501",Peet's Coffee & Tea,http://www.peets.com/,01:03:31,"water conservation, organic",fair trade,,
37.765529,-122.241907,"1501 Park St, Alameda, CA 94501",Gong Cha,http://www.gong-cha-usa.com/,01:03:44,,,,
37.712651,-122.213833,"Terminal 1, 1 Airport Dr, Oakland, CA 94621",Oaklandish Coffee Collective,,01:06:41,,,,
37.712651,-122.213833,"Oakland San Francisco Bay Airport, Terminal A, 1 Airport Dr Terminal 2 Gate 22, Oakland, CA 94621",Farley's Cafe,,01:07:34,,,,
37.753914,-122.190709,"Oakland, CA 94621",Peet’s Coffee,,01:07:49,,,,
37.790707,-122.220239,"2701 Fruitvale Ave, Oakland, CA 94601",Hasta Muerte Coffee,http://www.hastamuertecoffee.com/,01:11:30,,,,
37.800275,-122.216547,"2139 MacArthur Blvd, Oakland, CA 94602",Mohka House,,01:12:03,,,,
37.778046,-122.215235,"3944 Foothill Blvd, Oakland, CA 94601",Cafe Cordoba,https://www.cafecordobaoakland.com/,01:12:17,,,,
37.799556,-122.216342,"3430 Fruitvale Ave, Oakland, CA 94602",Dimond Cafe,https://orderdimondcafe.com/,01:12:56,,,,
37.826972,-122.252214,"4125 Piedmont Ave, Oakland, CA 94611",Dek Doi Cafe,http://cafedekdoi.com/,01:13:58,,,,
37.828472,-122.261379,"419 40th St, Oakland, CA 94609",Bright Coffee,,01:14:33,,,,
37.828709,-122.2564,"308 41st St, Oakland, CA 94609",Mother Tongue Cafe & Bar,https://mothertongue.coffee/,01:14:47,,ethically sourced,,
37.836945,-122.251152,"5254 College Ave, Oakland, CA 94618",im Moment Kaffee,https://immomentkaffee.com/?utm_source=google,01:14:59,,,,
37.807802,-122.222173,"4239 Park Blvd, Oakland, CA 94602","Paulista Brazilian Café, Kitchen and Taproom",https://www.paulista510.com/,01:15:45,,,,
37.826633,-122.210546,"6466 Moraga Ave, Oakland, CA 94611",Yellow Door,https://yellowdoormontclair.com/,01:15:56,,,,
37.82828,-122.21037,"1952 Mountain Blvd, Oakland, CA 94611",Paddington Cafe,https://www.paddingtoncafe1952.com/,01:16:08,,,,
37.798842,-122.209538,"2700 MacArthur Blvd, Oakland, CA 94602",Café Santana,https://cafesantanaroastingcompany.com/,01:17:13,"eco-friendly, organic",fair trade,,
37.79217,-122.198812,"3726 MacArthur Blvd, Oakland, CA 94619",World Ground Cafe,https://m.facebook.com/pages/category/Coffee-Shop/World-Ground-Cafe-114028218628264/,01:17:33,,,,
37.789655,-122.196537,"4100 MacArthur Blvd, Oakland, CA 94619",Cafe Santana Roasting Company,http://cafesantanaroastingcompany.com/,01:17:46,"eco-friendly, organic",fair trade,,
37.777886,-122.225388,"1414 Fruitvale Ave, Oakland, CA 94601",Pan Sevilla,,01:18:52,,,,
37.772034,-122.209003,"1638 47th Ave, Oakland, CA 94601",Fruitvale Coffee Co.,https://9dqprn-eb.myshopify.com/,01:19:01,,,"single origin, single-origin",
37.771612,-122.20101,"5395 Bancroft Ave, Oakland, CA 94601",The Romo Cafe,https://m.facebook.com/oakland.the.romo.cafe/,01:19:10,,,,
37.78143,-122.1823,"5000 MacArthur Blvd, Oakland, CA 94613",Equator Coffee,https://dineoncampus.com/millscollegeatnortheastern/locations/equator-coffees,01:19:36,,,,
37.705638,-122.181104,"2105 Doolittle Dr, San Leandro, CA 94577",Coffee Time,https://ordercoffeetime.com/,01:22:09,organic,,,
37.749956,-122.122832,"11200 Golf Links Rd #G, Oakland, CA 94605",Charlie May Coffee & Tea House,https://www.charliemaycoffee.com/,01:22:49,,,,
37.751182,-122.186854,"910 81st Ave #15, Oakland, CA 94621",Due Torri Coffee,http://www.duetorricoffee.com/,01:23:16,organic,fair trade,single origin,
37.746747,-122.203545,"7677 Oakport St #150, Oakland, CA 94621",Oakport Cafe,,01:23:24,,,,
37.771158,-122.191039,"2521 Seminary Ave, Oakland, CA 94605",Oakland's Grind Coffee House,https://www.oaklandsgrind.com/?utm_content=Oakland%27s+Grind+Coffee+House&utm_campaign=Google+My+Business&utm_medium=organic&utm_source=google&utm_term=plcid_12631536619932317249,01:24:49,,,,
37.77196,-122.201017,"5390 Bancroft Ave, Oakland, CA 94601",Luis's Coffee Shop,,01:24:58,,,,
37.834787,-122.211628,"5772 Thornhill Dr B, Oakland, CA 94611",Thornhill Coffee House,,01:27:00,,,,
37.836638,-122.26422,"4929 Shattuck Ave., Oakland, CA 94609",Yosi's Café,http://www.yosiscafe.com/,01:27:24,,,,
37.72987,-122.194043,"185 98th Ave, Oakland, CA 94603",Tara Coffee,,01:30:34,,,,
37.716253,-122.179627,"1933 Davis St, San Leandro, CA 94577",It's A Grind Coffee House,https://itsagrind.com/itsagrindcoffeehousesanleandro?utm_source=google,01:31:30,,,,
37.705267,-122.180918,"2123 Doolittle Dr, San Leandro, CA 94577",Ronaker's Coffee Shop,,01:32:20,,,,
37.724501,-122.154816,"1384 E 14th St, San Leandro, CA 94577",Kittea Cafe,,01:32:30,,,,
37.72603,-122.154037,"300 Estudillo Ave, San Leandro, CA 94577",As Kneaded Café,https://www.askneadedcafe.com/,01:32:40,,,,
37.722871,-122.162749,"777 Davis St Ste 160, San Leandro, CA 94577",Downstairs Counter,https://downstairscounter.com/,01:32:50,,,,
37.70522,-122.156358,"2956 Teagarden St, San Leandro, CA 94577",Ancestors Cafe + Catering,http://ancestorscafe.com/,01:33:01,,,,
37.733183,-122.15108,"645 Bancroft Ave, San Leandro, CA 94577",Zocalo Coffeehouse,http://www.zocalocoffee.com/,01:33:09,"bird friendly, regenerative, organic","living wage, fair trade","relationship coffee, traceable, direct trade",
37.722759,-122.155261,"1501 Washington Ave, San Leandro, CA 94577",Café Sorriso,,01:33:21,,,,
37.737539,-122.197318,"451 Hegenberger Rd, Oakland, CA 94621",Dunkin',https://locations.dunkindonuts.com/en/ca/oakland/451-hegenberger-rd/358272?utm_source=google&utm_medium=local&utm_campaign=localmaps&utm_content=358272&y_source=1_MTIxMTEyODYtNzE1LWxvY2F0aW9uLndlYnNpdGU%3D,01:34:27,,,,
37.790341,-122.197839,"4011 MacArthur Blvd, Oakland, CA 94619",Café of the Bay,,01:36:43,,,,
37.811429,-122.197105,"5020 Woodminster Ln, Oakland, CA 94602",L'acajou Bakery and Cafe,http://lacajou.com/,01:37:27,organic,,,
37.727253,-122.157479,"1070 E 14th St, San Leandro, CA 94577",Roccabs,http://www.roccabscafe.com/,01:41:32,,,,
37.722954,-122.154059,"138 Pelton Center Way, San Leandro, CA 94577",Gold Bean Cafe,https://www.gldbeancafe.com/,01:41:44,,,,
37.729857,-122.139189,"1273 MacArthur Blvd, San Leandro, CA 94577",Sabino's Coffee Shop,,01:41:54,,,,
37.693131,-122.117415,"Delano St, San Lorenzo, CA 94580",MARS Coffee,,01:42:52,,,,
37.746078,-122.195827,"620 Hegenberger Rd, Oakland, CA 94621",McDonald's,https://www.mcdonalds.com/us/en-us/location/CA/OAKLAND/640-HEGENBERGER-RD/11834.html?cid=RF:YXT:GMB::Clicks,01:44:44,,equity,,
37.78143,-122.1823,"5000 MacArthur Blvd, Oakland, CA 94613",Tea Shop,https://nudining.com/dining/,01:48:58,,,,
37.675667,-122.14226,"1432 Vía Lacqua, San Lorenzo, CA 94580",Brewja Coffee,http://www.brewjacoffee.com/,01:52:14,,,,
37.872946,-122.293535,"1714 San Pablo Ave, Berkeley, CA 94702",Masterpiece Coffee,https://www.masterpiececoffee.us/,01:57:03,,,farm to cup,
37.83867,-122.282186,"5512 San Pablo Ave, Emeryville, CA 94608",Krispy Joe's Coffee House,http://krispyjoes.com/,01:57:12,organic,,,
37.868299,-122.287007,"1250 Addison St Ste 111, Berkeley, CA 94702",The Hidden Cafe,http://www.thehiddencafe.life/,01:57:23,,,,
37.724607,-122.1572,"1299 Washington Ave C-1, San Leandro, CA 94577",85°C Bakery Cafe- San Leandro,https://www.85cbakerycafe.com/,02:00:56,,equity,,
37.733631,-122.163081,"333 E 14th St, San Leandro, CA 94577",7-Eleven,https://www.7-eleven.com/locations/ca/san-leandro/333-east-14th-st-14204?utm_source=G&utm_medium=local&utm_campaign=google-local,02:01:09,,"human rights, no child labor, no forced labor",,
37.692955,-122.093558,"20600 John Dr, Castro Valley, CA 94546",neighborhood coffee,http://www.neighborhoodcoffee.co/,02:02:30,,,,
37.782768,-122.204217,"2603b High St, Oakland, CA 94619",La Perla Tapatia Cafe,,02:04:07,,,,
37.722834,-122.154733,"194 Pelton Center Way, San Leandro, CA 94577",Pelton Cafe,https://peltoncafe.wixsite.com/peltoncafe,02:10:10,,,,
37.70388,-122.129166,"15070 Hesperian Blvd, San Leandro, CA 94578",Joe’s Pho,https://joespho.com/joesphooriginal?utm_source=google,02:11:42,,,,
37.673859,-122.123515,"17665 Hesperian Blvd, San Lorenzo, CA 94580",Frodo Joe's Coffee & Tea,http://www.frodojoes.com/,02:19:57,,,,
37.686422,-122.122116,"15 E Lewelling Blvd, San Lorenzo, CA 94580",Boba Run,https://www.instagram.com/bobarunslz?igsh=MWpma3ZuemJjbmR2dA==,02:20:26,,,,
37.833979,-122.131201,"910 Country Club Dr, Moraga, CA 94556",Si Si Caffe,,02:24:40,,,,
37.836317,-122.129693,"1012 School St, Moraga, CA 94556",Ranch House Cafe Moraga,,02:24:48,,,,
37.861561,-122.127615,"337 Rheem Blvd, Moraga, CA 94556",Town Bakery & Cafe,https://townbakerycafe.wixsite.com/townbakery,02:24:58,,,,
37.841419,-122.110107,"1928 Saint Mary's Rd, Moraga, CA 94575",Café Louis,,02:25:06,,,,
37.83608,-122.126651,"1460 Moraga Rd, Moraga, CA 94556",iTea,http://www.itea-usa.com/,02:25:16,,,,
37.883071,-122.187839,"26 Orinda Way, Orinda, CA 94563",Cafe Teatro,http://cafeteatrorinda.com/,02:25:25,,,,
37.901396,-122.060234,"1644 N Broadway, Walnut Creek, CA 94596",Prologue Coffee & Tea,https://prologue-coffee.com/,02:25:37,,,,
37.695154,-122.078301,"3315 Castro Valley Blvd, Castro Valley, CA 94546",Urban Matcha,https://www.instagram.com/urbanmatcha.castrovalley/,02:29:11,,,,
37.68539,-122.0732,"22222 Redwood Rd, Castro Valley, CA 94546",Pampas Cafe,https://mymenuweb.com/us/restaurants/1114049/?utm_source=google_profile&utm_medium=google_profile&utm_campaign=admin,02:29:21,,,,
37.668637,-122.096087,"296 A St, Hayward, CA 94541",A. Romo’s Cafe,http://aromoscafe.com/,02:29:30,,,,
37.673967,-122.084243,"978 A St, Hayward, CA 94541",Snappy's Cafe,http://www.snappyscafe.com/,02:29:41,,,,
37.703292,-122.061401,"4799 Heyer Ave, Castro Valley, CA 94546",Café Rumi,http://www.caferumi.com/,02:29:52,,"ethically sourced, fair trade",,
37.694331,-122.090382,"20511 Stanton Ave, Castro Valley, CA 94546",Valley Java,,02:30:01,,,,
37.673653,-122.080973,"1099 B St, Hayward, CA 94541",Con Azucar Café,,02:30:25,,,,
37.673513,-122.081194,"1075 B St, Hayward, CA 94541",Tram Cream Coffee 6,http://tramcreamcoffee.com/,02:31:30,,,,
37.683976,-122.0635,"22600 Center St, Hayward, CA 94541",AJ's Coffee,,02:31:42,,,,
37.890685,-122.120393,"50 Lafayette Cir, Lafayette, CA 94549",Coffee Shop,,02:34:43,,,,
37.850156,-122.031542,"37 Alamo Square Dr, Alamo, CA 94507",Lever Coffee,https://levercoffee.com/,02:34:44,,,,
37.899491,-122.060577,"1410 N Main St, Walnut Creek, CA 94596",Tellus Coffee,https://www.telluscoffee.com/,02:35:03,,,single origin,
37.699548,-121.903337,"5901 Owens Dr, Pleasanton, CA 94588",Qamaria Yemeni Coffee Co.,https://www.qamariacoffee.com/,02:35:46,,,single origin,
37.899012,-122.063651,"1499 N California Blvd, Walnut Creek, CA 94596",Panama Bay Coffee Co,,02:37:47,,,,
37.897731,-122.061802,"1321 Locust St, Walnut Creek, CA 94596",Rooted Coffee Co,http://www.rootedcoffeeco.com/,02:37:51,organic,,,
37.694424,-122.05216,"3803 E Castro Valley Blvd, Castro Valley, CA 94552",Bodi's Java,http://bodisjava.com/,02:39:08,,,,
37.909503,-122.066247,"2175 N California Blvd Unit 204, Walnut Creek, CA 94596",Brewtopia Cafe,https://www.brewtopiacafe.com/,02:43:25,,,,
37.9521,-121.955027,"5439 Clayton Rd Ste E, Clayton, CA 94517",Relentless Grind Coffee Company,https://www.relentlessgrindcoffee.com/,02:43:42,,,,
37.818868,-121.995708,"480 San Ramon Valley Blvd K, Danville, CA 94526",Medleno Coffee Shop & Roastery,http://www.medleno.com/,02:46:08,organic,fair trade,single origin,
37.822011,-122.000058,"370 Hartz Ave, Danville, CA 94526",Corner of Brazil,http://www.cornerofbrazil.com/,02:46:09,,,,
37.819463,-121.997426,"402 Railroad Ave, Danville, CA 94526",Maison Benoit,https://www.maisonbenoit.us/,02:46:11,,,,
37.823045,-122.002404,"90 Railroad Ave, Danville, CA 94526",Sideboard Danville,http://sideboard.co/,02:46:13,organic,,,
37.823603,-122.004429,"21 Railroad Ave, Danville, CA 94526",kibi’s Cafe Danville,https://kibiscafe.com/,02:46:14,,,,
37.819868,-121.998093,"350 Railroad Ave, Danville, CA 94526",Toastique,https://toastique.com/pages/danville,02:46:16,organic,equity,,
37.800179,-121.918509,"3456 Blackhawk Plaza Cir, Danville, CA 94506",Brown Butter,http://www.brownbutterbp.com/,02:46:17,,,,
37.798639,-121.919962,"3408 Camino Tassajara, Danville, CA 94506",KavehG,https://www.kavehg.com/,02:46:19,,,,
37.810226,-121.990695,"730 Camino Ramon Ste 190, Danville, CA 94526",Cuppa Yo Danville,https://www.cuppayo.com/danvilleca,02:46:21,,equity,,
37.822783,-122.00138,"241 Hartz Ave, Danville, CA 94526",Sourdough & Co. - Danville,https://sourdoughandco.com/danville,02:46:22,utz,,,
37.773725,-121.977091,"2475 San Ramon Valley Blvd Ste 4, San Ramon, CA 94583",UMe | Tea & Snacks,https://umeteaca.com/,02:46:24,,,,
37.766416,-121.963753,"2600 Camino Ramon, San Ramon, CA 94583",Lakeside Coffee Bar,http://roundhouse-sr.com/,02:46:33,organic,,,
38.052128,-122.218984,"1 Rolph Park Dr, Crockett, CA 94525",Revival Coffee,https://therevivalcoffeeco.com/,02:48:40,,,,
37.757465,-122.409914,"2761 21st St, San Francisco, CA 94110",CoffeeShop,https://www.coffeeshopsf.com/,21:49:09,,,,
37.74194,-122.387432,"Bayview Plaza, 3801 3rd St, San Francisco, CA 94124",Starbucks Coffee Company,https://www.starbucks.com/store-locator/store/1015580,21:50:14,,,,
37.764754,-122.401285,"1775 17th St, San Francisco, CA 94103",Philz Coffee,https://philzcoffee.com/locations/potrero?utm_source=gmb&utm_medium=yext,21:51:15,sustainably sourced,,,
37.77111,-122.391062,"1385 4th St, San Francisco, CA 94158",Blue Bottle Coffee,https://bluebottlecoffee.com/us/eng/northern-california-cafes?utm_source=google&utm_medium=organic&utm_campaign=cafe_business_listing_norcal,21:51:33,,,,
37.785078,-122.399852,"201 3rd St, San Francisco, CA 94103",Sextant Coffee Roasters,http://sextantcoffee.com/,21:52:23,organic,,"single origin, traceable",
37.786541,-122.399187,"199 New Montgomery St, San Francisco, CA 94105",Sana’a cafe,https://thesanaacafe.com/?utm_source=Google&utm_medium=Organic&utm_campaign=GBP,21:52:26,,,,
37.790536,-122.397566,"50 Fremont St, San Francisco, CA 94105",Coffee Bodega Farm-to-Table,http://coffeebodega.com/,21:52:44,,fair trade,,
37.789963,-122.391367,"120 Folsom St, San Francisco, CA 94105",Saint Frank Coffee,https://www.saintfrankcoffee.com/,21:52:47,,,"single origin, transparency report",
37.78632,-122.398235,"222 2nd St, San Francisco, CA 94105",Equator Coffees,http://equatorcoffees.com/,21:53:10,"organic, biodiversity, regenerative agriculture, regenerative, certified organic, b corp","b corp certified, fair trade",single origin,
37.791576,-122.399363,"22 Battery St, San Francisco, CA 94111",Flywheel Coffee Roasters,https://flywheelcoffee.com/,21:53:20,,,,
37.788677,-122.403483,"66 Kearny St, San Francisco, CA 94108",Andytown Coffee Roasters,https://andytownsf.com/,21:53:24,compostable,"ethical sourcing, ethically sourced","single origin, single-origin",
37.795538,-122.39343,"Ferry Building, 1st St, San Francisco, CA 94111",SIGNAL Coffee Roasters,,21:53:49,,,,
37.794824,-122.410289,"1030 Washington St, San Francisco, CA 94108",The Coffee Movement,https://www.thecoffeemovement.com/,21:54:47,organic,,,
37.773342,-122.391779,"610 Long Bridge St, San Francisco, CA 94158",Cafe Réveille,http://cafereveille.com/,21:56:55,,,,
37.834531,-122.262761,"4770 Telegraph Ave, Oakland, CA 94609",Sana’a Cafe,https://sanaahousecafe.com/,22:23:25,,,,
37.778488,-122.27676,"1901 Webster St, Alameda, CA 94501",Peet's Coffee,https://www.peets.com/,22:59:56,"water conservation, organic",fair trade,,
37.817138,-122.263474,"2869 Broadway, Oakland, CA 94612",Souvenir Coffee Co.,https://www.souvenir-coffee.com/,23:32:28,,,"single origin, traceable",
37.840141,-122.262284,"5443 Telegraph Ave, Oakland, CA 94609",Jerusalem Coffee House,https://jerusalemcoffeehouse.com/,00:37:39,,,,
37.689432,-121.805284,"53 Wright Brothers Ave Ste A, Livermore, CA 94551",Grounded - Coffee and Local Delights,http://www.groundedlivermore.com/,02:37:04,,,,
37.723798,-121.942973,"21001 San Ramon Valley Blvd E4, San Ramon, CA 94583",Bober Tea & Coffee,https://boberteamochi.com/,02:37:06,,,,
37.659728,-121.899402,"6701 Koll Center Pkwy Ste 100, Pleasanton, CA 94566",Qatra Cafe,http://qatracafe.com/,02:37:07,,,,
37.676991,-121.875298,"4299 Valley Ave, Pleasanton, CA 94566",Caffeinated Cowboy,https://www.instagram.com/countrycowboycoffeepleasanton?igsh=MzRlODBiNWFlZA==,02:37:08,,,,
37.693016,-121.893246,"4305 Hacienda Dr, Pleasanton, CA 94588",Hacienda Cafe,https://www.haciendaterracecafe.com/,02:37:10,,,,
37.695279,-121.929212,"1408 Stoneridge Mall Rd, Pleasanton, CA 94588",It’s a Grind Coffee House,https://itsagrind.com/itsagrindcoffeehousepleasanton?utm_source=google,02:37:16,,,,
37.759795,-121.955961,"6101 Bollinger Canyon Rd Ste 100, San Ramon, CA 94583",Flourish,https://flourish.bishopranch.com/,02:38:48,,,,
37.773682,-121.97721,"2475 San Ramon Valley Blvd Unit 6, San Ramon, CA 94583",EggHead Cafe,http://eggheadcafe.net/,02:38:53,organic,,,
37.774636,-121.977756,"2441 San Ramon Valley Blvd, San Ramon, CA 94583",Sharetea,https://pos.chowbus.com/online-ordering/store/Sharetea-San-Ramon/23176?referrer=google_food_ordering,02:38:56,,,,
37.763016,-121.959216,"6000 Bollinger Canyon Rd Suite 1107, San Ramon, CA 94583",Salt & Straw,https://saltandstraw.com/,02:39:01,,equity,,
37.777708,-121.972567,"3110 Crow Canyon Pl Ste b 1, San Ramon, CA 94583",Happy Lemon-San Ramon,http://www.happylemonusa.com/,02:39:03,,,,
37.762605,-121.96272,"142 Sunset Dr, San Ramon, CA 94583",Bagel Street Cafe San Ramon,https://ordersave.com/bagelstreetcafe-sanramon,02:39:06,,,,
37.819007,-121.997525,"415 Railroad Ave, Danville, CA 94526",Noah's NY Bagels,https://locations.noahs.com/us/ca/danville/415-railroad-ave?y_source=1_MTAwNTY3NzctNzE1LWxvY2F0aW9uLndlYnNpdGU%3D,02:39:39,,,,
37.661738,-121.874568,"618 Main St A, Pleasanton, CA 94566",Koffee Time,https://www.koffeetimepleasanton.com/,02:40:38,,,,
37.662911,-121.87449,"700 Main St, Pleasanton, CA 94566",Planta Coffee House,https://www.plantacoffeehouse.com/,02:41:05,,,,
37.699591,-121.903785,"5321 Hopyard Rd g, Pleasanton, CA 94588",KAMUROCHO,,02:41:07,,,,
37.67714,-121.786147,"847 E Stanley Blvd, Livermore, CA 94550",Chocolate Fish Coffee Roasters Livermore,https://www.instagram.com/chocfishcoffee_livermore?igsh=NTc4MTIwNjQ2YQ==&utm_source=qr,02:41:08,,,,
37.704212,-121.934985,"7150 Regional St, Dublin, CA 94568",Paris Baguette,https://parisbaguette.com/locations/ca/dublin/7150-regional-street/,02:41:15,,,,
37.70416,-121.935219,"7160 Regional St, Dublin, CA 94568",Cafe Tapioca,http://www.cafetapioca.com/,02:41:17,,,,
37.71019,-121.927946,"7377 Amador Valley Blvd, Dublin, CA 94568",Aj's Coffee,https://www.doordash.com/store/1255090?utm_source=mx_share&aw=6NCMMqSFwS9KhrSO,02:41:18,,,,
37.797788,-121.919428,"3454 Camino Tassajara, Danville, CA 94506",Sourdough & Co Blackhawk,https://sourdoughandco.com/california-danville-camino-tassajara-rd,02:45:25,utz,,,
37.763016,-121.959216,"Equinox, 6000 Bollinger Canyon Rd #1510, San Ramon, CA 94583",GIO Gelati San Ramon,http://giogelati.com/,02:46:02,,,,
37.69075,-121.878077,"3150 Santa Rita Rd Ste b, Pleasanton, CA 94566",Jade's Teacup Cafe,,02:46:45,,,,
37.730205,-121.930094,"9140 Alcosta Blvd, San Ramon, CA 94583",T4,http://t4alcosta.muncho.io/,02:46:55,,,,
37.710923,-121.889035,"5140 Hacienda Dr, Dublin, CA 94568",Ross Cafe,https://www.rosscafe.com/,02:49:19,,,,
37.660797,-121.875373,"530 Main St, Pleasanton, CA 94566",Inklings Coffee and Tea,http://inklingscoffee.com/,02:49:20,,,,
37.734297,-122.434175,"2810 Diamond St, San Francisco, CA 94131",Cuppa Boba & Froyo,https://www.doordash.com/store/cuppa-san-francisco-24187807/100258557/,23:45:05,,,,
37.788527,-122.415007,"896 Sutter St, San Francisco, CA 94109",A Cup Of Joy,,00:05:22,,,,
37.790171,-122.415356,"1191 Pine St, San Francisco, CA 94109",Another Cafe,http://www.anothercafesf.com/,00:05:36,organic,fair-trade,,
37.784918,-122.407877,"17 Powell St, San Francisco, CA 94102",The Turn Cafe,https://www.axiomhotel.com/amenities/turn-cafe,00:22:11,,,,
37.802312,-122.405884,"1 Telegraph Hill Blvd, San Francisco, CA 94133",Coit Tower Cafe,https://sfrecpark.org/facilities/facility/details/Coit-Tower-290,00:26:58,,equity,,
37.766721,-122.403567,"245 Kansas St, San Francisco, CA 94103",Kilovolt coffee,,00:31:00,,,,
37.790272,-122.409315,"724 Bush St, San Francisco, CA 94108",BeanStalk Cafe,https://m.facebook.com/Beanstalk-Cafe-722100901151670/,00:43:29,,,,
37.793728,-122.396759,"16 California St, San Francisco, CA 94111",Cafe Terminus,http://www.terminussf.com/,00:46:19,,,,
37.791298,-122.398734,"445 Market St, San Francisco, CA 94111",Coffee Bar,,00:47:28,,,,
37.774901,-122.390072,"1030 3rd St, San Francisco, CA 94158",TWYNE,https://www.lumahotels.com/san-francisco/dine,00:57:19,,,single origin,
37.795538,-122.39343,"Ferry Building, 1, Shop 46, San Francisco, CA 94111",Red Bay Coffee Ferry Building,http://redbaycoffee.com/,00:59:43,b corp,"fair trade, equity","single origin, direct trade, farm to cup",
37.723484,-122.45357,"1110 Ocean Ave, San Francisco, CA 94112",Philz Coffee,https://philzcoffee.com/locations/ocean-ave?utm_source=gmb&utm_medium=yext,21:47:39,sustainably sourced,,,
37.734023,-122.433872,"2815 Diamond St, San Francisco, CA 94131",Andytown Coffee Roasters,https://andytownsf.com/,21:48:55,compostable,"ethical sourcing, ethically sourced","single origin, single-origin",
37.74456,-122.452562,"675 Portola Dr, San Francisco, CA 94127",Starbucks Coffee Company,https://www.starbucks.com/store-locator/store/16566/,21:49:17,,,,
37.7502,-122.45,,Creighton's Bakery Cafe,,21:49:57,,,,
37.800883,-122.437882,"2080 Chestnut St, San Francisco, CA 94123",Peet's Coffee,http://www.peets.com/pages/store/chestnut,21:54:55,"water conservation, organic",fair trade,,
37.80035,-122.441487,"2300 Chestnut St, San Francisco, CA 94123",Emporio Rulli - Delivery Only,https://group.goairmart.com/en/c/s/36437,21:55:18,,,,
37.805506,-122.431939,"2 Marina Blvd, San Francisco, CA 94123",Equator Coffees,http://equatorcoffees.com/,21:55:24,"organic, biodiversity, regenerative agriculture, regenerative, certified organic, b corp","b corp certified, fair trade",single origin,
37.776042,-122.431387,"711 Fillmore St, San Francisco, CA 94117",Alamo Square Cafe,https://alamosquarecafe.com/,21:59:39,,,,
37.756422,-122.421388,"1026 Valencia St, San Francisco, CA 94110",Ritual Coffee Roasters,http://ritualcoffee.com/,22:06:06,,,single origin,
37.764309,-122.421567,"539 Valencia St, San Francisco, CA 94110",Sextant Coffee Roasters,http://sextantcoffee.com/,22:06:53,organic,,"single origin, traceable",
37.79848,-122.422045,"2340 Polk St, San Francisco, CA 94109",Saint Frank Coffee,http://www.saintfrankcoffee.com/,22:09:01,,,"single origin, relationship coffee, transparency report",
37.802423,-122.424997,"2911 Van Ness Ave, San Francisco, CA 94109",First Cup Café,,22:09:12,,,,
37.760576,-122.410318,"2814 19th St, San Francisco, CA 94110",The Coffee Movement,https://www.thecoffeemovement.com/,22:17:42,organic,,,
37.791238,-122.405796,"455 Grant Ave, San Francisco, CA 94108",Home Coffee Roasters,http://homecoffeesf.com/,22:42:44,organic,,,
37.793342,-122.404214,"550 Kearny St, San Francisco, CA 94108",K Five Fifty,,22:43:20,,,,
37.777728,-122.396241,"648 4th St, San Francisco, CA 94107",Latte Express + Banh Mi & Donut,https://www.4thstreetlatteexpress.com/,22:59:22,,,,
